001;000;000;Республика Адыгея
001;001;001;г. Майкоп
001;002;002;Гиагинский район
001;003;003;Кошехабльский район
001;004;004;Красногвардейский район
001;005;005;Майкопский район
001;006;006;Тахтамукайский район
001;007;007;Теучежский район
001;008;008;Шовгеновский район
001;009;009;г. Адыгейск
041;000;000;Белгородская область
041;000;001;г. Белгород
041;000;002;г. Старый Оскол и Старооскольский район
041;000;003;г. Губкин и Губкинский район
041;000;004;Шебекинский район и г. Шебекино
041;000;005;Алексеевский район и г. Алексеевка
041;000;006;г. Валуйки и Валуйский район
041;000;007;Белгородский район
041;000;013;Волоконовский район
041;000;014;Прохоровский район
041;000;015;Ивнянский район
041;000;016;Яковлевский район
041;000;017;Ракитянский район
041;000;018;Борисовский район
041;000;019;Красненский район
041;000;020;Корочанский район
041;000;021;Грайворонский район
041;000;022;Вейделевский район
041;000;023;Ровеньский район
041;000;024;Красногвардейский район
041;000;025;Новооскольский район
041;000;026;Чернянский район
041;000;027;Краснояружский район
042;000;000;Брянская область
042;001;001;Бежицкий
042;002;002;Володарский
042;003;003;Советский
042;004;004;Фокинский
042;005;005;Брянский
042;006;006;Брасовский
042;036;007;Выгоничский
042;037;008;Гордеевский
042;035;009;Дубровский
042;010;010;Дятьковский
042;036;011;Жирятинский
042;035;012;Жуковский
042;038;013;Злынковский
042;014;014;Карачевский
042;035;015;Клетнянский
042;016;016;Климовский
042;037;017;Клинцовский
042;018;018;Комаричский
042;037;019;Красногорский
042;020;020;Мглинский
042;021;021;Навлинский
042;038;022;Новозыбковский
042;023;023;Погарский
042;024;024;Почепский
042;035;025;Рогнединский
042;026;026;Севский
042;027;027;Стародубский
042;028;028;Суземский
042;029;029;Суражский
042;030;030;Трубчевский
042;031;031;Унечский
042;037;032;г. Клинцы
042;038;033;г. Новозыбков
042;034;034;г. Сельцо
202;000;000;Санкт-Петербург и Ленинградская область
202;001;001;Василеостровский
202;002;002;Выборгский
202;003;004;Приморский
202;004;005;Калининский
202;005;006;Кировский
202;006;009;Московский
202;007;010;Невский
202;008;011;Адмиралтейский
202;009;012;Петроградский
202;010;013;Ломоносов
202;011;027;Центральный
202;012;015;Фрунзенский
202;013;016;Пушкинский
202;014;017;Курортный
202;015;018;Колпинский
202;016;019;Петродворцовой
202;017;020;Кронштадтский
202;018;025;Красногвардейский
202;019;026;Красносельский
202;020;004;Выборгский
202;021;017;Тосненский
202;022;001;Бокситогорский
202;023;018;Волосовский
202;024;002;Волховский
202;025;003;Всеволожский
202;026;005;Гатчинский
202;027;007;Киришский
202;028;006;Кингисеппский
202;010;010;Ломоносовский
202;029;016;Тихвинский
202;030;009;Лодейнопольский
202;031;013;Приозерский
202;032;012;Подпорожский
202;033;008;Кировский
202;034;014;Сланцевский
202;035;011;Лужский
202;036;015;Сосновый бор
074;000;000;Сахалинская область
074;001;001;г. Южно-Сахалинск
074;001;004;Анивский район
074;002;003;ГУ УПФР по Александровск -Сахалинскому району
074;004;005;ГУ УПФР по Долинскому району 
074;005;006;ГУ УПФР по Корсаковскому району
074;006;007;ГУ Отдел ПФР по Курильскому району
074;007;008;ГУ Отдел ПФР по Макаровскому району
074;008;009;ГУ УПФР по Невельскому району
074;009;010;ГУ Отдел ПФР по Ногликскому району
074;010;011;ГУ УПФР по Охинскому району
074;011;012;ГУ УПФР по Поронайскому району
074;012;013;ГУ Отдел ПФР по Северо-Курильскому району
074;013;014;ГУ Отдел ПФР по Смирныховскому району
074;014;015;ГУ Отдел ПФР по Томаринскому району
074;015;016;ГУ УПФР по Тымовскому району
074;016;017;ГУ УПФР по Углегорскому району
074;017;018;ГУ УПФР по Холмскому району
074;018;019;ГУ Отдел ПФР Южно-Курильскому району
201;000;000;Москва и Московская область
201;001;001;УПФР № 1 (Зеленоград)
201;001;045;УПФР № 2 (г. Солнечногорск)
201;002;101;УПФР № 1 (Тверской)
201;002;102;УПФР № 2 (Таганский)
201;002;103;УПФР № 3 (Пресненский)
201;002;104;УПФР № 4 (Хамовники)
201;002;105;УПФР № 5 (Замоскворечье)
201;002;106;УПФР № 6 (Красносельский)
201;002;107;УПФР № 11 (Мещанский)
201;002;108;УПФР № 7 (Басманный)
201;002;109;УПФР № 10 (Якиманка)
201;002;110;УПФР № 9 (Госслужащие)
201;002;120;УПФР № 8 (Иноплательщики) 01 Зеленоград
201;002;121;УПФР № 8 (Иноплательщики) 10 Центральный
201;002;122;УПФР № 8 (Иноплательщики) 05 Северный
201;002;123;УПФР № 8 (Иноплательщики) 06 Северо-Восточный
201;002;124;УПФР № 8 (Иноплательщики) 07 Восточный
201;002;125;УПФР № 8 (Иноплательщики) 03 Юго-Восточный
201;002;126;УПФР № 8 (Иноплательщики) 08 Южный
201;002;127;УПФР № 8 (Иноплательщики) 04 Юго-Западный
201;002;128;УПФР № 8 (Иноплательщики) 02 Западный
201;002;129;УПФР № 8 (Иноплательщики) 09 Северо-Западный
201;003;006;УПФР № 6 (г. Долгопрудный)
201;003;050;УПФР № 5 (г. Химки)
201;003;150;УПФР № 5 (Сходня)
201;003;201;УПФР № 1 (Фрунзенский) Аэропорт
201;003;202;УПФР № 1 (Фрунзенский) Беговой
201;003;203;УПФР № 3 (Тимирязевский) Бескудниково
201;003;204;УПФР № 2 (Железнодорожный) Бусиново
201;003;205;УПФР № 3 (Тимирязевский) Восточное Дегунино
201;003;206;УПФР № 4 (Ленинградский) Войковский
201;003;207;УПФР № 4 (Ленинградский) Головинский
201;003;208;УПФР № 2 (Железнодорожный) Западное Дегунино
201;003;209;УПФР № 2 (Железнодорожный) Коптево
201;003;210;УПФР № 3 (Тимирязевский) Дмитровский
201;003;211;УПФР № 4 (Ленинградский) Левобережный
201;003;212;УПФР № 1 (Фрунзенский) Савеловский
201;003;213;УПФР № 4 (Ленинградский) Сокол
201;003;214;УПФР № 3 (Тимирязевский) Тимирязевский
201;003;215;УПФР № 4 (Ленинградский) Ховрино
201;003;216;УПФР № 1 (Фрунзенский) Хорошевский
201;003;217;УПФР № 4 (Ленинградский) Молжаниновский, Новоподрезково
201;004;029;УПФР № 4 (Мытищинский район)
201;004;301;УПФР № 3 (Бабушкинский) Свиблово
201;004;302;УПФР № 3 (Бабушкинский) Бабушкинский
201;004;303;УПФР № 3 (Бабушкинский) Лосиноостровский
201;004;304;УПФР № 3 (Бабушкинский) Ярославский
201;004;305;УПФР № 2 (Останкинский) Ростокино
201;004;306;УПФР № 2 (Останкинский) Алексеевский
201;004;307;УПФР № 2 (Останкинский) Лианозово
201;004;308;УПФР № 2 (Останкинский) Бибирево
201;004;309;УПФР № 1 (Кировский) Отрадное
201;004;310;УПФР № 1 (Кировский) Бутырский
201;004;311;УПФР № 1 (Кировский) Марфино
201;004;312;УПФР № 1 (Кировский) Марьина Роща
201;004;313;УПФР № 1 (Кировский) Шереметьевский
201;004;314;УПФР № 1 (Кировский) Южное Медведково
201;004;315;УПФР № 1 (Кировский) Северное Медведково
201;004;316;УПФР № 1 (Кировский) Алтуфьевский
201;004;317;УПФР № 2 (Останкинский) Северный
201;004;318;УПФР № 2 (Останкинский) Останкинский
201;005;001;УПФР № 4 (Балашихинский район)
201;005;010;УПФР № 5 (г. Железнодорожный)
201;005;041;УПФР № 6 (г. Реутов)
201;005;401;УПФР № 3 (ПО Перово)
201;005;402;УПФР № 3 (ПО Новогиреево)
201;005;403;УПФР № 2 (ПО Ивановское)
201;005;404;УПФР № 3 (ПО Вешняки)
201;005;405;УПФР № 6 (ПО Новокосино)
201;005;406;УПФР № 3 (ПО Косино-Ухтомский)
201;005;407;УПФР № 1 (ПО Преображенский)
201;005;408;УПФР № 1 (ПО Сокольники)
201;005;409;УПФР № 1 (ПО Богородское)
201;005;410;УПФР № 1 (ПО Метрогородок)
201;005;411;УПФР № 1 (ПО Гольяново)
201;005;412;УПФР № 2 (ПО Измайлово)
201;005;413;УПФР № 2 (ПО Северное Измайлово)
201;005;414;УПФР № 2 (ПО Восточное Измайлово)
201;005;415;УПФР № 2 (ПО Соколиная Гора)
201;005;416;УПФР № 2 (ПО Поселок Восточный)
201;005;417;УПФР № 2 (ПО Южное Измайлово)
201;006;027;УПФР № 4 (Люберцы)
201;006;227;УПФР № 4 (Люберецкий)
201;006;327;УПФР № 4 (Лыткарино)
201;006;427;УПФР № 4 (Дзержинский)
201;006;501;УПФР № 2 (Люблинский) Текстильщики
201;006;502;УПФР № 2 (Люблинский) Люблино
201;006;503;УПФР № 2 (Люблинский) Капотня
201;006;504;УПФР № 2 (Люблинский) Марьино
201;006;505;УПФР № 2 (Люблинский) Печатники
201;006;506;УПФР № 2 (Люблинский) Южнопортовый
201;006;507;УПФР № 3 (Волгоградский) Выхино
201;006;508;УПФР № 3 (Волгоградский) Жулебино
201;006;509;УПФР № 3 (Волгоградский) Рязанский проспект
201;006;510;УПФР № 3 (Волгоградский) Кузьминки
201;006;511;УПФР № 1 (Лефортово) Лефортово
201;006;512;УПФР № 1 (Лефортово) Нижегородский
201;006;513;УПФР № 3 (Волгоградский) Некрасовка
201;006;527;УПФР № 4 (Котельники)
201;007;002;УПФР № 4 (Ленинский район)
201;007;601;УПФР № 2 (Красногвардейский) Орехово-Борисово Северное
201;007;602;УПФР № 2 (Красногвардейский) Орехово-Борисово Южное
201;007;603;УПФР № 2 (Красногвардейский) Зябликово
201;007;604;УПФР № 2 (Красногвардейский) Братеево
201;007;605;УПФР № 3 (Советский) Бирюлево Западное
201;007;606;УПФР № 2 (Красногвардейский) Бирюлево Восточное
201;007;607;УПФР № 2 (Красногвардейский) Царицыно
201;007;608;УПФР № 2 (Красногвардейский) Москворечье-Сабурово
201;007;609;УПФР № 2 (Красногвардейский) Нагатино-Садовники
201;007;610;УПФР № 3 (Советский) Чертаново Северное
201;007;611;УПФР № 3 (Советский) Чертаново Центральное
201;007;612;УПФР № 3 (Советский) Чертаново Южное
201;007;613;УПФР № 1 (Пролетарский) Нагатинский затон
201;007;614;УПФР № 3 (Советский) Нагорный
201;007;615;УПФР № 1 (Пролетарский) Симоновский
201;007;616;УПФР № 1 (Пролетарский) Даниловский
201;007;617;УПФР № 1 (Пролетарский) Донской
201;007;618;УПФР № 3 (Советский) Загородный
201;007;619;УПФР № 1 (Пролетарский) Павелецкий
201;008;036;УПФР № 4 (г. Подольск)
201;008;048;УПФР № 4 (г. Троицк)
201;008;056;УПФР № 5 (Климовск)
201;008;156;УПФР № 5 (Подольский район)
201;008;701;УПФР № 3 (Черемушкинский) Ясенево
201;008;702;УПФР № 3 (Черемушкинский) Теплый Стан
201;008;703;УПФР № 3 (Черемушкинский) Коньково-Деревлево
201;008;704;УПФР № 1 (Октябрьский) Ломоносовский
201;008;705;УПФР № 1 (Октябрьский) Гагаринский
201;008;706;УПФР № 2 (Севастопольский) Зюзино
201;008;707;УПФР № 3 (Черемушкинский) Черемушки
201;008;708;УПФР № 2 (Севастопольский) Академический
201;008;709;УПФР № 2 (Севастопольский) Котловка
201;008;710;УПФР № 2 (Севастопольский) Северное Бутово
201;008;711;УПФР № 2 (Севастопольский) Южное Бутово
201;008;712;УПФР № 3 (Черемушкинский) Обручевский
201;008;713;"УНПВП ""Новомосковский-1"" "
201;008;714;"УНПВП ""Троицкий-1"""
201;008;715;"УНПВП ""Троицкий-2"""
201;008;716;"УНПВП ""Троицкий-3"""
201;008;717;"УНПВП ""Новомосковский-2"""
201;009;032;УПФР № 5 (Одинцовский район)
201;009;042;УПФР № 5 (Руза)
201;009;132;УПФР № 5 (Звенигород)
201;009;801;УПФР № 1 (Кунцевский) Крылатское
201;009;802;УПФР № 1 (Кунцевский) Кунцево
201;009;803;УПФР № 1 (Кунцевский) Можайский
201;009;804;УПФР № 3 (Гагаринский) Матвеевское
201;009;805;УПФР № 1 (Кунцевский) Фили-Давыдково
201;009;806;УПФР № 2 (Киевский) Филевский парк
201;009;807;УПФР № 3 (Гагаринский) Очаково
201;009;808;УПФР № 3 (Гагаринский) Никулино
201;009;809;УПФР № 3 (Гагаринский) Раменки
201;009;810;УПФР № 3 (Гагаринский) Мосфильмовский
201;009;812;УПФР № 2 (Киевский) Дорогомиловский
201;009;813;УПФР № 3 (Гагаринский) Тропарево
201;009;814;УПФР № 3 (Гагаринский) Проспект Вернадского
201;009;815;УПФР № 4 (Солнцевский) Солнцево
201;009;816;УПФР № 4 (Солнцевский) Ново-Переделкино
201;009;817;УПФР № 4 (Солнцевский) Внуково
201;010;022;УПФР № 3 (Красногорский район)
201;010;901;УПФР № 2 (Тушинский) Северное Тушино
201;010;902;УПФР № 2 (Тушинский) Южное Тушино
201;010;903;УПФР № 2 (Тушинский) Покровско-Стрешнево
201;010;904;УПФР № 1 (Хорошевский) Строгино
201;010;905;УПФР № 1 (Хорошевский) Щукино
201;010;906;УПФР № 1 (Хорошевский) Хорошево-Мневники
201;010;907;УПФР № 2 (Тушинский) Митино
201;010;908;УПФР № 2 (Тушинский) Куркино
201;011;003;Волоколамский район Московской области
201;011;024;г. Лотошино Московской области
201;011;053;п. Шаховская Московской области
201;012;000;ГУ-Управление ПФР № 22 по г.Москве и Московской области
201;013;000;ГУ-Управление ПФР № 21 по г.Москве и Московской области
201;014;000;ГУ-Управление ПФР № 26 по г.Москве и Московской области
201;015;000;ГУ-Управление ПФР № 36 по г.Москве и Московской области
201;016;000;ГУ-Управление ПФР № 29 по г.Москве и Московской области
201;017;000;ГУ-Управление ПФР № 28 по г.Москве и Московской области
201;018;012;Сергиево-Посадский район
201;018;112;"ПО ""Краснозаводск"""
201;018;912;"ПО ""Хотьково"""
201;019;000;ГУ-Управление ПФР № 41 по г.Москве и Московской области
201;020;015;г. Ивантеевка Московской области
201;020;038;Пушкинский район Московской области
201;020;062;Красноармейский район Московской области
201;021;016;Истринский район
201;021;116;"ПО ""Дедовск"""
201;022;000;ГУ-Управление ПФР № 17 по г.Москве и Московской области
201;023;018;Каширский район Московской области
201;023;044;Серебряно-Прудский район Московской области
201;024;000;ГУ-Управление ПФР № 23 по г.Москве и Московской области
201;025;000;ГУ-Управление ПФР № 14 по г.Москве и Московской области
201;026;000;ГУ-Управление ПФР № 40 по г.Москве и Московской области
201;027;000;ГУ-Управление ПФР № 37 по г.Москве и Московской области
201;028;000;ГУ-Управление ПФР № 34 по г.Москве и Московской области
201;029;000;ГУ-Управление ПФР № 20 по г.Москве и Московской области
201;030;000;ГУ-Управление ПФР № 13 по г.Москве и Московской области
201;031;033;г. Орехово-Зуево Московской области
201;031;059;Орехово-Зуевский район Московской области
201;032;000;ГУ-Управление ПФР № 42 по г.Москве и Московской области
201;033;000;ГУ-Управление ПФР № 30 по г.Москве и Московской области
201;034;037;г. Протвино Московской области
201;034;039;г. Пущино Московской области
201;034;043;г. Серпухов Московской области
201;034;058;Серпуховский район Московской области
201;035;040;Раменский район
201;035;140;г. Бронницы
201;036;000;ГУ-Управление ПФР № 38 по г.Москве и Московской области
201;037;000;ГУ-Управление ПФР № 25 по г.Москве и Московской области
201;038;000;ГУ-Управление ПФР № 39 по г.Москве и Московской области
201;039;049;г. Фрязино Московской области
201;039;054;Щелковский район Московской области
201;040;000;ГУ-Управление ПФР № 33 по г.Москве и Московской области
201;041;052;Шатурский район
201;041;152;г. Рошаль
201;042;000;ГУ-Управление ПФР № 19 по г.Москве и Московской области
207;000;000;Забайкальский край
207;028;001;Агинский
207;028;008;Акшинский
207;028;002;Дульдургинский
207;028;019;Кыринский
207;028;003;Могойтуйский
207;028;024;Оловяннинский
207;028;025;Ононский
207;029;014;Каларский
207;029;016;Карымский
207;029;017;Красночикойский
207;029;026;Петровско-Забайкальский
207;029;031;Улетовский
207;029;035;Хилокский
207;029;001;г. Читы и Читинский район
207;030;006;Александрово-Заводский
207;030;010;Борзинский
207;030;013;Забайкальский
207;030;015;Калганский
207;030;018;Краснокаменский
207;030;023;Нер-Заводский
207;030;027;Приаргунский
207;031;009;Балейский
207;031;011;Газимуро-Заводский
207;031;020;Могочинский
207;031;022;Нерчинский
207;031;028;Сретенский
207;031;030;Тунгокоченский
207;031;032;Чернышевский
207;031;033;Шелопугинский
207;031;034;Шилкинский
082;000;000;Тюменская область
082;000;000;Тюменская область
082;034;020;Абатский 
082;030;005;Армизонский
082;030;005;Аромашевский
082;030;005;Бердюжский
082;031;011;Вагайский 
082;034;017;Викуловский
082;034;008;г.Ишим
082;031;011;г.Тобольск
082;033;018;Голышмановский
082;030;005;Заводоуковский
082;032;019;Исетский
082;034;008;Казанский
082;028;002;Ленинский район г.Тюмени
082;028;003;Центральный район г.Тюмени
082;028;001;Калининский район г.Тюмени
082;032;010;Нижнетавдинский
082;033;007;Омутинский
082;034;008;Сладковский
082;034;008;Сорокинский
082;028;029;Тюменский
082;031;011;Уватский
082;030;005;Упоровский
082;030;005;Юргинский
082;030;006;г. Ялуторовск и Ялуторовский р-он 
082;031;011;Ярковский
082;028;028;г.Тюмень
082;031;027;Тобольский р-он
052;000;000;Кемеровская область
052;000;005;г. Анжеро-Судженск
052;000;005;Ижморский район
052;000;049;г. Березовский
052;000;007;г. Белово и Беловский район
052;000;007;Гурьевский район
052;000;020;г. Киселевск 
052;000;010;г. Ленинск-Кузнецкий и Ленинск-Кузнецкий район
052;000;010;г. Полысаево
052;000;011;г. Мариинск,Мариинский район и Чебулинский районы
052;000;013;г. Мыски
052;000;013;г. Междуреченск
052;000;015;Заводский район г.Новокузнецк
052;000;015;Куйбышевский район г.Новокузнецк
052;000;015;Кузнецкий район г.Новокузнецк
052;000;015;Орджоникидзевский район г.Новокузнецк
052;000;015;Центральный район г.Новокузнецк
052;000;019;г.Осинники
052;000;020;Зенковский район г.Прокопьевск
052;000;020;Рудничный район г.Прокопьевск
052;000;020;Центральный район г.Прокопьевск
052;000;020;Прокопьевский район
052;000;005;г. Тайга
052;000;019;г. Таштагол
052;000;026;г. Топки
052;000;026;г. Юрга и Юргинский район
052;000;010;Крапивинский район
052;000;015;Новокузнецкий район
052;000;010;Промышленновский район
052;000;011;Тисульский район
052;000;011;Тяжинский район
052;000;005;Яйский район
052;000;049;Яшкинский район
052;000;019;г. Калтан
052;000;015;Новоильинский район г.Новокузнецк
052;000;049;Заводский район г.Кемерово
052;000;049;Кировский район г.Кемерово
052;000;049;Рудничный район г.Кемерово
052;000;049;Ленинский район г.Кемерово
052;000;049;Центральный район г.Кемерово 
052;000;049;Кемеровский район
052;000;049;ж.р.Кедровка
052;000;049;г. Кемерово
092;000;000;Севастополь
092;001;001;г. Севастополь
092;001;002;Гагаринский район
092;001;003;Ленинский район
092;001;004;Нахимовский район
092;001;005;Балаклавский район
092;001;006;Отдел ПФР по выплате пенсий и обработке информации
091;000;000;Республика Крым
091;001;001;г. Симферополь Республики Крым
091;002;002;Джанкойский район
091;002;003;Нижнегорский район
091;002;004;Красногвардейский район
091;005;005;г. Евпатория Республики Крым
091;006;006;Черноморский район
091;006;011;Раздольненский район
091;007;007;г. Керчь Республики Крым
091;008;008;Ленинский район Республики Крым
091;009;009;Красноперекопский район
091;009;010;Первомайский район
091;009;012;г. Армянск
091;013;013;Симферопольский район
091;013;014;Белогорский район
091;015;015;г. Феодосия
091;015;017;Советский район
091;015;018;Кировский район
091;016;016;г. Судак Республики Крым
091;019;019;г. Ялта Республики Крым
091;020;020;Бахчисарайский район Республики Крым
091;021;021;г. Саки и Сакский район Республики Крым
091;022;022;г. Алушта Республики Крым
001;000;000;Республика Адыгея
001;001;001;г. Майкоп (001)
001;002;002;Гиагинский район (002)
001;003;003;Кошехабльский район (003)
001;004;004;Красногвардейский район (004)
001;005;005;Майкопский район (005)
001;006;006;Тахтамукайский район (006)
001;007;007;Теучежский район (007)
001;008;008;Шовгеновский район (008)
001;009;009;г. Адыгейск (009)
002;000;000;Республика Башкортостан
002;001;540;Баймакский район и г. Баймак (540)
002;002;760;Октябрьский район г. Уфы (760)
002;003;801;Абзелиловский район (801)
002;004;802;Альшеевский район (802)
002;005;803;Архангельский район (803)
002;006;804;Аскинский район (804)
002;007;805;Аургазинский район (805)
002;008;807;Бакалинский район (807)
002;009;808;Балтачевский район (808)
002;010;810;Белокатайский район (810)
002;011;812;Бижбулякский район (812)
002;012;814;Благоварский район (814)
002;013;815;Благовещенский район и г. Благовещенск (815)
002;014;816;Буздякский район (816)
002;015;817;Бураевский район (817)
002;016;818;Бурзянский район (818)
002;017;819;Гафурийский район (819)
002;018;820;Зилаирский район (820)
002;019;821;Дуванский район (821)
002;020;822;Дюртюлинский район и г. Дюртюли (822)
002;021;823;Ермекеевский район (823)
002;022;824;Зианчуринский район (824)
002;023;825;Калтасинский район (825)
002;024;826;Иглинский район (826)
002;025;827;Илишевский район (827)
002;026;829;Кармаскалинский район (829)
002;027;830;Караидельский район (830)
002;028;831;Краснокамский район (831)
002;029;832;Кигинский район (832)
002;030;833;Куюргазинский район (833)
002;031;834;Кугарчинский район (834)
002;032;836;Кушнаренковский район (836)
002;033;837;Мишкинский район (837)
002;034;838;Мечетлинский район (838)
002;035;840;Миякинский район (840)
002;036;841;Нуримановский район (841)
002;037;842;Салаватский район (842)
002;038;843;Стерлибашевский район (843)
002;039;844;Стерлитамакский район (844)
002;040;845;Татышлинский район (845)
002;041;847;Уфимский район (847)
002;042;848;Давлекановский район и г. Давлеканово (848)
002;043;849;Федоровский район (849)
002;044;850;Хайбуллинский район (850)
002;045;851;Чекмагушевский район (851)
002;046;852;Чишминский район (852)
002;047;853;Шаранский район (853)
002;048;854;Янаульский район и г. Янаул (854)
002;049;855;Белебеевский район и г. Белебей (855)
002;050;856;Белорецкий район и г. Белорецк (856)
002;051;857;Бирский район и г. Бирск (857)
002;052;858;Ишимбайский район и г. Ишимбай (858)
002;053;859;г. Кумертау (859)
002;054;860;Мелеузовский район и г. Мелеуз (860)
002;055;861;г. Нефтекамск (861)
002;056;862;г. Октябрьский (862)
002;057;863;г. Салават (863)
002;058;865;г. Стерлитамак (865)
002;059;866;Туймазинский район и г. Туймазы (866)
002;060;867;г. Сибай (867)
002;061;868;Учалинский район и г. Учалы (868)
002;062;869;Калининский район г. Уфы (869)
002;063;870;Кировский район г. Уфы (870)
002;064;871;Ленинский район г. Уфы (871)
002;065;873;Орджоникидзевский район г. Уфы (873)
002;066;874;Демский район г. Уфы (874)
002;067;876;г. Агидель (876)
002;068;878;Советский район г. Уфы (878)
002;069;879;г. Межгорье (879)
003;000;000;Республика Бурятия
003;000;001;Баргузинский район
003;000;002;Баунтовский эвенкийский район
003;000;003;Бичурский район
003;000;004;Джидинский район
003;000;005;Еравнинский район
003;000;006;Заиграевский район
003;000;007;Закаменский район
003;000;008;Иволгинский район
003;000;009;Кабанский район
003;000;010;Кижингинский район
003;000;011;Курумканский район
003;000;012;Кяхтинский район
003;000;013;Муйский район
003;000;014;Мухоршибирский район
003;000;015;Окинский район
003;000;016;Прибайкальский район
003;000;017;г. Северобайкальск и Северо-Байкальский район
003;000;018;Селенгинский район
003;000;019;Тарбагатайский район
003;000;020;Тункинский район
003;000;021;Хоринский район
003;000;022;г. Улан-Удэ (Советский район)
003;000;023;г. Улан-Удэ (Железнодорожный район)
003;000;024;г. Улан-Удэ (Октябрьский район)
003;001;035;Центр по установлению и выплате пенсий ПФР в Республике Бурятия (035)
004;000;000;Республика Алтай
004;001;001;г. Горно-Алтайск (001)
004;002;002;Майминский район (002)
004;003;003;Чойский район (003)
004;004;004;Турачакский район (004)
004;005;005;Чемальский район (005)
004;006;006;Шебалинский район (006)
004;007;007;Онгудайский район (007)
004;008;008;Усть-Канский район (008)
004;009;009;Усть-Коксинский район (009)
004;010;010;Улаганский район (010)
004;011;011;Кош-Агачский район (011)
005;000;000;Кабардино-Балкарская Республика
005;000;001;г. Нальчик
005;000;002;Прохладненский район
005;000;003;Майский район
005;000;004;Урванский район
005;000;005;Баксанский район
005;000;006;Чегемский район
005;000;007;Терский район
005;000;008;Зольский район
005;000;009;Черекский район
005;000;010;Эльбрусский район
005;000;011;Лескенский район
005;000;021;г. Прохладный
006;000;000;Республика Калмыкия
006;001;001;Городовиковский район (001)
006;002;002;Ики-Бурульский район (002)
006;003;003;Лаганский район (003)
006;004;004;Кетченеровский район (004)
006;005;005;Малодербетовский район (005)
006;006;006;Октябрьский район (006)
006;007;007;Приютненский район (007)
006;008;008;Сарпинский район (008)
006;009;009;Целинный район (009)
006;010;010;Черноземельский район (010)
006;011;011;Юстинский район (011)
006;012;012;Яшалтинский район (012)
006;013;013;Яшкульский район (013)
006;014;014;г. Элиста (014)
007;000;000;Республика Коми
007;001;001;УПФР в г. Сыктывкар
007;003;003;г. Воркута
007;005;005;г. Инта
007;006;006;г. Печора(в т.ч. Ижемский район)
007;007;007;г. Ухта( в т.ч. Усть-Цилемский р-он, г. Вуктыл)
007;011;011;Прилузский район(в т.ч. Сысольский р-он, Койгородский р-он)
007;012;012;Корткеросский район(в т.ч. Усть-Кулумский р-он)
007;015;015;Усть-Вымский район(в т.ч. Сыктывдинский р-он)
007;017;017;Княжпогостский район(в т.ч. Удорский р-он)
007;021;021;г. Усинск
007;022;022;г. Сосногорск(в т.ч. Троицко-Печорский р-он)
008;000;000;Карачаево-Черкесская Республика
008;000;001;г. Черкесск
008;000;002;г. Карачаевск
008;000;003;Адыге-Хабльский район
008;000;004;Карачаевский район
008;000;005;Зеленчукский район
008;000;006;Малокарачаевский район
008;000;007;Прикубанский район
008;000;008;Усть-Джегутинский район
008;000;009;Урупский район
008;000;010;Хабезский район
009;000;000;Республика Карелия 
009;001;001;г. Петрозаводск (001)
009;002;002;Прионежский район (002)
009;003;003;г. Кондопога (003)
009;004;004;Пудожский район (004)
009;005;005;Суоярвский район (005)
009;006;006;Муезерский район (006)
009;007;007;г. Олонец (007)
009;008;008;г. Питкяранта (008)
009;011;011;Медвежьегорский район (011)
009;013;013;Кемский район (013)
009;014;014;г. Сегежа (014)
009;015;015;Беломорский район (015)
009;016;016;Лоухский район (016)
009;017;017;Пряжинский район (017)
009;019;000;УПФР в г. Костомукша Республики Карелия (межрайонное)
009;019;012;Калевальский район
009;019;019;г. Костомукша
009;020;000;УПФР в г. Сортавала Республики Карелия (межрайонное)
009;020;009;г. Сортавала
009;020;010;Лахденпохский район
010;000;000;Республика Марий Эл
010;001;001;Волжский район (001)
010;002;002;Горномарийский район (002)
010;003;003;Звениговский район (003)
010;004;004;Килемарский район (004)
010;005;005;Куженерский район (005)
010;006;006;Мари-Турекский район (006)
010;007;007;Медведевский район (007)
010;008;008;Моркинский район (008)
010;009;009;Новоторьяльский район (009)
010;010;010;Оршанский район (010)
010;011;011;Параньгинский район (011)
010;012;012;Сернурский район (012)
010;013;013;Советский район (013)
010;014;014;Юринский район (014)
010;015;015;г. Йошкар-Ола (015)
010;016;016;г. Волжск (016)
010;017;017;г. Козьмодемьянск (017)
011;000;000;Республика Мордовия
011;001;001;УПФР в Ардатовском муниципальном районе Республики Мордовия (001)
011;003;003;Атяшевский муниципальный район (003)
011;004;004;Большеберезниковский муниципальный район (004)
011;005;005;Большеигнатовский муниципальный район (005)
011;006;006;Дубенский муниципальный район (006)
011;007;007;Ельниковский муниципальный район (007)
011;008;008;Зубово-Полянский муниципальный район (008)
011;010;010;Ичалковский муниципальный район (010)
011;011;011;Ковылкинский муниципальный район (011)
011;012;012;Кочкуровский муниципальный район (012)
011;013;013;Краснослободский муниципальный район (013)
011;014;014;Лямбирский муниципальный район (014)
011;015;015;Ромодановский муниципальный район (015)
011;016;016;Рузаевский муниципальный район (016)
011;017;017;Старошайговский муниципальный район (017)
011;018;018;Темниковский муниципальный район (018)
011;019;019;Теньгушевский муниципальный район (019)
011;021;021;Чамзинский муниципальный район (021)
011;023;023;городской округ Саранск (023)
011;024;000;УПФР в Инсарском муниципальном районе (межрайонное)
011;024;009;Инсарский муниципальный район
011;024;022;Кадошкинский муниципальный район
011;025;000;УПФР в Торбеевском муниципальном районе (межрайонное)
011;025;002;Атюрьевский муниципальный район
011;025;020;Торбеевский муниципальный район
012;000;000;Республика Северная Осетия - Алания
012;001;000;УПФР в г. Владикавказе Республики Северная Осетия - Алания
012;001;001;Иристонский м.о. г. Владикавказа
012;001;002;Промышленный м.о. г. Владикавказа
012;001;003;Затеречный м.о. г. Владикавказа
012;001;012;Северо-Западный м.о. г. Владикавказа
012;002;004;Пригородный район (004)
012;003;005;Правобережный район (005)
012;004;006;Ардонский район (006)
012;005;007;Алагирский район (007)
012;006;008;Дигорский район (008)
012;007;009;Ирафский район (009)
012;008;010;Кировский район (010)
012;009;011;Моздокский район (011)
013;000;000;Республика Татарстан
013;000;010;Агрызский район
013;000;020;Азнакаевский район и г. Азнакаево
013;000;030;Аксубаевский район
013;000;040;Актанышский район
013;000;050;Алексеевский район
013;000;060;Алькеевский район
013;000;071;Альметьевский район и г. Альметьевск
013;000;080;Апастовский район
013;000;210;Камско-Устьинский район
013;000;090;Арский район
013;000;100;Атнинский район
013;000;110;Бавлинский район
013;000;430;Ютазинский район
013;000;120;Балтасинский район
013;000;131;Бугульминский район и г. Бугульма
013;000;150;Верхнеуслонский район
013;000;201;г.Зеленодольск и Зеленодольский район
013;000;160;Высокогорский район
013;000;181;Елабужский район и г. Елабуга
013;000;191;Заинский район и г. Заинск
013;000;220;Кукморский район
013;000;240;Лаишевский район
013;000;251;Лениногорский район и г. Лениногорск
013;000;260;Мамадышский район
013;000;270;Менделеевский район
013;000;280;Мензелинский район
013;000;290;Муслюмовский район
013;000;301;Нижнекамский район и г. Нижнекамск
013;000;310;Новошешминский район
013;000;421;г.Чистополь и Чистопольский район
013;000;320;Нурлатский район и г. Нурлат
013;000;330;Пестречинский район
013;000;340;Рыбно-Слободский район
013;000;350;Сабинский район
013;000;390;Тюлячинский район
013;000;360;Спасский район
013;000;370;Сармановский район
013;000;380;Тетюшский район
013;000;410;Черемшанский район
013;000;502;Вахитовский район г. Казани
013;000;503;Кировский район г. Казани
013;000;504;Ново-Савиновский район г. Казани
013;000;505;Московский район г. Казани
013;000;506;Приволжский район г. Казани
013;000;507;Советский район г. Казани
013;000;508;Авиастроительный район г. Казани
013;000;140;Буинский район и г. Буинск
013;000;170;Дрожжановский район
013;000;230;Кайбицкий район
013;000;400;Тукаевский район
013;000;401;г.Набережные Челны
014;000;000;Республика Хакасия
014;001;001;г. Абакан (001)
014;002;002;г. Саяногорск (002)
014;003;003;г. Черногорск (003)
014;004;004;Алтайский район (004)
014;005;005;Аскизский район (005)
014;006;006;Бейский район (006)
014;007;007;Боградский район (007)
014;008;008;Орджоникидзевский район (008)
014;009;009;Таштыпский район (009)
014;010;010;Усть-Абаканский район (010)
014;011;011;Ширинский район (011)
015;000;000;Чувашская Республика - Чувашия
015;000;001;г. Алатырь
015;000;002;Аликовский район
015;000;003;Батыревский район
015;000;004;Вурнарский район
015;000;005;Ибресинский район
015;000;006;г. Канаш
015;000;007;Козловский район
015;000;008;Комсомольский район
015;000;010;Красночетайский район
015;000;014;Урмарский район
015;000;009;Красноармейский район
015;000;015;Цивильский район
015;000;013;Порецкий район
015;000;012;Моргаушский район
015;000;016;Чебоксарский район
015;000;018;г. Шумерля
015;000;017;Шемуршинский район
015;000;019;Ядринский район
015;000;021;Янтиковский район
015;000;020;Яльчиковский район
015;000;011;Мариинско-Посадский район
015;000;022;г. Новочебоксарск
015;000;023;г. Чебоксары, Управление установления пенсий
016;000;000;Республика Саха (Якутия)
016;002;002;Алданский улус (район) (002)
016;004;004;Амгинский улус (район) (004)
016;007;007;Верхневилюйский улус (район) (007)
016;010;010;Вилюйский улус (район) (010)
016;011;011;Горный улус (район) (011)
016;013;013;Кобяйский улус (район) (013)
016;014;014;Ленский улус (район) (014)
016;015;015;Мегино-Кангаласский улус (район) (015)
016;017;017;Намский улус (район) (017)
016;019;019;Нюрбинский улус (район) (019)
016;021;021;Олекминский улус (район) (021)
016;024;024;Сунтарский улус (район) (024)
016;025;025;Таттинский улус (район) (025)
016;026;026;Томпонский улус (район) (026)
016;027;027;Усть-Алданский улус (район) (027)
016;028;028;Усть-Майский улус (район) (028)
016;030;030;Хангаласский улус (район) (030)
016;031;031;Чурапчинский улус (район) (031)
016;032;032;Мирнинский улус (район) (032)
016;033;033;Нерюнгринский улус (район) (033)
016;034;034;г. Якутск (034)
016;036;000;УПФР в г. Якутске (межрайонное).
016;036;001;Абыйский улус (район)
016;036;003;Аллаиховский улус (район)
016;036;005;Анабарский улус (район)
016;036;006;Булунский улус (район)
016;036;008;Верхнеколымский улус (район)
016;036;009;Верхоянский улус (район)
016;036;012;Жиганский улус (район)
016;036;016;Момский улус (район)
016;036;018;Нижнеколымский улус (район)
016;036;020;Оймяконский улус (район)
016;036;022;Оленекский улус (район)
016;036;023;Среднеколымский улус (район)
016;036;029;Усть-Янский улус (район)
016;036;035;Эвено-Бытантайский улус (район)
017;000;000;Республика Дагестан
017;000;001;Центр по выплате пенсий
017;000;004;г. Дербент
017;000;005;г. Буйнакск
017;000;006;г. Избербаш
017;000;007;г. Каспийск
017;000;008;г. Кизилюрт
017;000;009;г. Кизляр
017;000;010;г. Хасавюрт
017;000;011;г. Южно-Сухокумск
017;000;012;г. Дагестанские Огни
017;000;013;Бабаюртовский район
017;000;014;Кизлярский район
017;000;015;Ногайский район
017;000;016;Тарумовский район
017;000;017;Хасавюртовский район
017;000;018;Кизилюртовский район
017;000;019;Дербентский район
017;000;020;Каякентский район
017;000;021;Карабудахкентский район
017;000;022;Магарамкентский район
017;000;023;Буйнакский район
017;000;024;Казбековский район
017;000;025;Сулейман-Стальский район
017;000;026;Кайтагский район
017;000;027;Новолакский район
017;000;028;Сергокалинский район
017;000;029;Табасаранский район
017;000;030;Хивский район
017;000;031;Агульский район
017;000;032;Акушинский район
017;000;033;Ахвахский район
017;000;034;Ахтынский район
017;000;035;Ботлихский район
017;000;036;Гергебельский район
017;000;037;Гумбетовский район
017;000;038;Гунибский район
017;000;039;Дахадаевский район
017;000;040;Кулинский район
017;000;041;Курахский район
017;000;042;Лакский район
017;000;043;Левашинский район
017;000;044;Рутульский район
017;000;045;Шамильский район
017;000;046;Тляратинский район
017;000;047;Унцукульский район
017;000;048;Хунзахский район
017;000;049;Бежтинский участок
017;000;050;Цумадинский район
017;000;051;Чародинский район
017;000;052;Кумторкалинский район
017;000;053;Переселенческий район
017;000;054;Докузпаринский район
017;000;056;Цунтинский район
017;000;058;Межрайонный отдел в г. Кизилюрт
017;000;155;Ленинский район г. Махачкала
017;000;255;Советский район г. Махачкала
017;000;355;Кировский район г. Махачкала
018;000;000;Республика Тыва (000)
018;000;001;Бай-Тайгинский район (001)
018;000;002;Барун-Хемчикский район (002)
018;000;003;Дзун-Хемчикский район (003)
018;000;004;Каа-Хемский район (004)
018;000;005;Кызылский район (005)
018;000;006;Монгун-Тайгинский район (006)
018;000;007;Овюрский район (007)
018;000;008;Пий-Хемский район (008)
018;000;009;Сут-Хольский район (009)
018;000;010;Тандинский район (010)
018;000;011;Тес-Хемский район (011)
018;000;012;Тоджинский район (012)
018;000;013;Улуг-Хемский район (013)
018;000;014;Чаа-Хольский район (014)
018;000;015;Чеди-Хольский район (015)
018;000;016;Эрзинский район (016)
018;000;017;г. Ак-Довурак (017)
018;000;018;г. Кызыл (018)
019;000;000;Удмуртская Республика 
019;000;001;Индустриальный район г. Ижевска
019;000;002;Ленинский район г. Ижевска 
019;000;003;Октябрьский район г. Ижевска
019;000;004;Первомайский район г. Ижевска
019;000;005;Устиновский район г. Ижевска
019;000;007;г. Глазов
019;000;008;г. Можга
019;000;010;Алнашский район (010)
019;000;011;Балезинский район (011)
019;000;012;Вавожский район (012)
019;000;015;Граховский район (015)
019;000;016;Дебесский район (016)
019;000;017;Завьяловский район (017)
019;000;018;п. Игра (018)
019;000;019;Камбарский район (019)
019;000;021;Кезский район (021)
019;000;022;Кизнерский район (022)
019;000;023;Киясовский район (023)
019;000;024;Красногорский район (024)
019;000;025;Малопургинский район (025)
019;000;028;Селтинский район (028)
019;000;029;Сюмсинский район (029)
019;000;030;п. Ува (030)
019;000;032;Юкаменский район (032)
019;000;033;Якшур-Бодьинский район (033)
019;000;034;Ярский район (034)
019;000;006;г. Воткинск и Воткинский район
019;000;031;Шарканский район
019;000;009;г. Сарапул
019;000;020;Каракулинский район
020;000;000;Чеченская Республика
020;001;001;Заводской район
020;001;002;Ленинский район
020;001;003;Октябрьский район
020;001;004;Старопромысловый район
020;001;008;Грозненский район
020;001;100;УПФР в г. Грозном и Грозненском районе
020;002;005;г. Аргун (005)
020;003;006;Ачхой-Мартановский район (006)
020;004;007;Веденский район (007)
020;005;009;Гудермесский район (009)
020;006;010;Итум-Калинский район (010)
020;007;011;Курчалоевский район (011)
020;008;012;Надтеречный район (012)
020;009;013;Наурский район (013)
020;010;014;Ножай-Юртовский район (014)
020;011;015;Урус-Мартановский район (015)
020;012;016;Сунженский район (016)
020;013;017;Шалинский район (017)
020;014;018;Шелковский район (018)
020;015;019;Шатойский район (019)
027;000;000;Ханты-Мансийский автономный округ - Югра
027;001;001;УПФР в г. Ханты-Мансийске (001)
027;002;003;г. Лангепас (003)
027;003;004;г. Мегион (004)
027;004;005;УПФР в г. Нефтеюганске (005)
027;005;007;УПФР в г. Нижневартовске (007)
027;006;009;г. Радужный (009)
027;007;010;г. Урай (010)
027;008;011;г. Нягань (011)
027;009;012;г. Белоярский (012)
027;010;013;г. Когалыма (013)
027;011;014;г. Пыть-Яха (014)
027;012;015;Березовский район (015)
027;013;016;Кондинский район (016)
027;014;017;Октябрьский район (017)
027;015;018;Советский район (018)
027;016;019;г. Покачи (019)
027;017;020;УПФР в г. Сургуте (020)
027;018;023;г. Югорск (023)
028;000;000;Чукотский автономный округ 
028;004;004;Билибинский район (004)
028;006;006;Провиденский район (006)
028;007;007;Чаунский район (007)
028;008;008;Чукотский район (008)
028;010;001;г. Анадырь
028;010;002;Анадырский район
028;010;003;Беринговский район
028;010;005;Иультинский район
028;010;009;Шмидтовский район
030;000;000;Ямало-Ненецкий автономный округ 
030;002;002;г. Лабытнанги (002)
030;003;003;Надымский район (003)
030;004;004;г. Ноябрьск (004)
030;005;005;г. Новый Уренгой (005)
030;006;006;г. Муравленко (006)
030;007;007;Красноселькупский район (007)
030;009;009;Пуровский район (009)
030;009;009;Тазовский район (010)
030;002;002;Шурышкарский район (011)
030;012;012;Ямальский район (012)
030;014;014;г. Губкинский (014)
030;015;001;г. Салехард
030;015;001;Приуральский район
032;000;000;Алтайский край 
032;001;001;г. Алейск и Алейский район (001)
032;002;002;г. Белокуриха (002)
032;003;003;г. Заринск и Заринский район (003)
032;004;004;УПФР в Змеиногорском районе (004)
032;005;005;г. Камень-на-Оби и Каменский район (005)
032;006;006;г. Новоалтайск и Первомайский район (006)
032;007;007;г. Рубцовск и Рубцовский район (007)
032;008;008;г. Славгород (008)
032;009;009;Железнодорожный район г. Барнаула
032;009;011;Ленинский район г. Барнаула
032;009;012;Октябрьский район г. Барнаула
032;009;013;Центральный район г. Барнаула
032;010;014;г. Бийск и Бийский район (014)
032;011;016;Алтайский район (016)
032;012;017;Баевский район (017)
032;013;019;Благовещенский район (019)
032;014;020;Бурлинский район (020)
032;015;021;Быстроистокский район (021)
032;016;022;Волчихинский район (022)
032;017;023;Егорьевский район (023)
032;018;024;Ельцовский район (024)
032;019;025;Завьяловский район (025)
032;020;026;Залесовский район (026)
032;021;028;Зональный район (028)
032;022;029;Калманский район (029)
032;023;031;Ключевской район (031)
032;024;032;Косихинский район (032)
032;025;033;Красногорский район (033)
032;026;034;Краснощековский район (034)
032;027;035;Крутихинский район (035)
032;028;036;Кулундинский район (036)
032;029;037;Курьинский район (037)
032;030;038;Кытмановский район (038)
032;031;039;Локтевский район (039)
032;033;041;Михайловский район (041)
032;034;042;Новичихинский район (042)
032;036;044;Панкрушихинский район (044)
032;037;046;Петропавловский район (046)
032;038;047;Поспелихинский район (047)
032;040;049;Родинский район (049)
032;041;050;Романовский район (050)
032;042;053;Суетский район (053)
032;043;054;Смоленский район (054)
032;044;055;Советский район (055)
032;045;056;Солонешенский район (056)
032;046;057;Солтонский район (057)
032;047;058;Табунский район (058)
032;048;059;Тальменский район (059)
032;049;060;Тогульский район (060)
032;050;061;Топчихинский район (061)
032;051;062;Третьяковский район (062)
032;052;063;Троицкий район (063)
032;053;064;Тюменцевский район (064)
032;054;065;Угловский район (065)
032;055;066;Усть-Калманский район (066)
032;056;067;Усть-Пристанский район (067)
032;057;068;Хабарский район (068)
032;058;069;Целинный район (069)
032;059;070;Чарышский район (070)
032;061;072;Шипуновский район (072)
032;062;073;Немецкий национальный район (073)
032;063;074;г. Яровое (074)
032;064;040;Мамонтовский район
032;064;043;Павловский район
032;064;048;Ребрихинский район
032;064;071;Шелаболихинский район
033;000;000;Краснодарский край 
033;000;001;г. Анапа (001)
033;000;002;г. Армавир (002)
033;000;003;Белореченский район (003)
033;000;004;г. Геленджик (004)
033;000;005;г. Горячий Ключ (005)
033;000;007;г. Кропоткин (007)
033;000;008;Крымский район (008)
033;000;009;Лабинский район (009)
033;000;010;г. Славянск-на-Кубани (010)
033;000;012;г. Туапсе (012)
033;000;013;Западный внутригородской округ г. Краснодара (013)
033;000;014;Центральный внутригородской округ г. Краснодара (014)
033;000;016;Прикубанский внутригородской округ г. Краснодара (016)
033;000;017;Карасунский внутригородской округ г. Краснодара (017)
033;000;019;г. Новороссийск (019)
033;000;024;г.Сочи(Центральный район)
033;000;025;Абинский район (025)
033;000;027;Апшеронский район (027)
033;000;028;Белоглинский район (028)
033;000;029;Брюховецкий район (029)
033;000;030;Выселковский район (030)
033;000;031;Гулькевичский район (031)
033;000;032;Динской район (032)
033;000;034;Кавказский район (034)
033;000;035;Калининский район (035)
033;000;036;Каневский район (036)
033;000;037;Кореновский район (037)
033;000;038;Красноармейский район (038)
033;000;039;Крыловский район (039)
033;000;041;Курганинский район (041)
033;000;042;Кущёвский район (042)
033;000;044;Ленинградский район (044)
033;000;045;Мостовский район (045)
033;000;046;Новокубанский район (046)
033;000;047;Новопокровский район (047)
033;000;048;Отрадненский район (048)
033;000;049;Павловский район (049)
033;000;050;Приморско-Ахтарский район (050)
033;000;051;Северский район (051)
033;000;053;Староминский район (053)
033;000;054;Тбилисский район (054)
033;000;055;Темрюкский район (055)
033;000;056;Тимашевский район (056)
033;000;058;Туапсинский район (058)
033;000;059;Успенский район (059)
033;000;060;Усть-Лабинский район (060)
033;000;061;Щербиновский район (061)
033;000;021;Адлерский район г. Сочи (021)
033;000;006;г. Ейск и Ейский район (006)
033;000;011;г. Тихорецк и Тихорецкий район (011)
033;000;062;Адлерский район города Сочи №2 (062)
033;000;022;Лазаревский район города Сочи (022)
033;000;063;Управление выплаты пенсий и социальных выплат
035;000;000;Приморский край
035;008;001;Арсеньевский городской округ (001)
035;008;002;Артемовский городской округ
035;008;041;Шкотовский район
035;008;004;Ленинский и Фрунзенский район г. Владивостока (004)
035;008;005;Первомайский район г. Владивостока (005)
035;008;006;Первореченский район г. Владивостока (006)
035;008;007;Советский район г. Владивостока (007)
035;008;009;г. Большой Камень (009)
035;008;010;Дальнереченский городской округ и Дальнереченский муниципальный район (010)
035;008;011;г. Дальнегорск (011)
035;008;012;Лесозаводский городской округ (012)
035;008;013;Находкинский городской округ (013)
035;008;014;Партизанский городской округ (014)
035;008;015;г. Спасск-Дальний и Спасский район (015)
035;008;016;Уссурийский городский округ (016)
035;008;017;г. Фокино (017)
035;008;018;Анучинский район (018)
035;008;020;Кавалеровский район (020)
035;008;021;Кировский район (021)
035;008;022;Красноармейский район (022)
035;008;023;Лазовский район (023)
035;008;024;Михайловский район (024)
035;008;026;Надеждинский район (026)
035;008;027;Октябрьский район (027)
035;008;028;Ольгинский район (028)
035;008;029;Партизанский район (029)
035;008;030;Пограничный район (030)
035;008;031;Пожарский район (031)
035;008;033;Тернейский район (033)
035;008;035;Ханкайский район (035)
035;008;036;Хасанский район (036)
035;008;037;Хорольский район (037)
035;008;038;Черниговский район (038)
035;008;039;Чугуевский  район (039)
035;008;040;Яковлевский район (040)
036;000;000;Ставропольский край 
036;001;001;Александровский район (001)
036;002;002;Апанасенковский район (002)
036;003;003;Андроповский район (003)
036;004;004;Арзгирский район (004)
036;005;005;Благодарненский район (005)
036;006;006;Грачевский район (006)
036;007;007;Изобильненский район (007)
036;008;008;Ипатовский район (008)
036;009;009;Кировский район (009)
036;010;010;Кочубеевский район (010)
036;011;011;Красногвардейский район (011)
036;012;012;Курский район (012)
036;013;013;Левокумский район
036;013;014;Нефтекумский район
036;015;015;Новоалександровский район (015)
036;016;016;Новоселицкий район (016)
036;017;017;Петровский район (017)
036;019;019;Советский район (019)
036;020;020;Степновский район (020)
036;021;021;Труновский район (021)
036;022;022;Туркменский район (022)
036;023;023;Шпаковский район (023)
036;024;024;г. Буденновск и Буденновский район (024)
036;025;025;г. Георгиевск и Георгиевский район (025)
036;026;018;Предгорный район
036;026;026;город-курорт Ессентуки
036;027;027;город-курорт Железноводск
036;027;029;г. Лермонтов
036;028;028;г. Кисловодск (028)
036;030;030;г. Минеральные Воды и Минераловодский район (030)
036;031;031;г. Невинномысск (031)
036;032;032;г. Пятигорск (032)
036;033;033;г. Ставрополь (033)
208;000;000;Хабаровский край и ЕАО
208;000;101;г.Хабаровска и Хабаровский район
208;000;021;Охотский район
208;000;022;Аяно-Майский район
208;000;023;Тугуро-Чумиканский район
208;000;024;район им. Полины Осипенко
208;000;102;г. Комсомольск-на-Амуре и Комсомольском районе
208;000;010;Амурский район (010)
208;000;011;Солнечный район (011)
208;000;012;Николаевский район
208;000;019;Ульчский район
208;000;013;Советско-Гаванский район (013)
208;000;014;Ванинский район (014)
208;000;015;Вяземский район
208;000;016;Бикинский район
208;000;017;район им. Лазо
208;000;018;Нанайский район (018)
208;000;020;Верхнебуреинский район (020)
208;000;025;Хабаровский край и ЕАО Управление выплаты пенсий (025)
208;000;001;г. Биробиджан и Биробиджанский район
208;000;003;Ленинский район
208;000;004;Октябрьский район
208;000;005;Облученский район
208;000;006;Смидовичский район
038;000;000;Амурская область 
038;001;001;г. Благовещенск
038;001;009;Благовещенский район
038;002;002;г. Белогорск
038;002;017;Октябрьский район
038;002;018;Ромненский район
038;003;003;г. Зея и Зейский район (003)
038;004;004;г. Райчихинск
038;004;011;Завитинский район
038;004;016;Михайловский район
038;005;005;г. Свободный
038;005;015;Мазановский район
038;006;006;г. Тында (006)
038;007;007;г. Шимановск (007)
038;008;008;Архаринский район (008)
038;009;010;Бурейский район (010)
038;010;012;Ивановский район (012)
038;011;013;Константиновский район
038;011;022;Тамбовский район
038;012;014;Магдагачинский район (014)
038;014;019;Серышевский район (019)
038;015;020;Селемджинский район (020)
038;016;021;Сковородинский район (021)
038;017;023;Центр по выплате пенсий в Амурской области (023)
209;000;000;Архангельская область 
209;001;001;УПФР в г. Архангельск (001)
209;001;005;Приморский район (005)
209;001;029;Октябрьский АО г. Архангельска (029)
209;001;030;Ломоносовский АО г. Архангельска (030)
209;001;031;Соломбальский АО г. Архангельска (031)
209;001;034;АО Майская горка и  Варавино-Фактория г. Архангельска (034)
209;001;036;АО Исакогорска-Цигломень г. Архангельска (036)
209;001;013;Мезенский район (013)
209;001;019;Лешуконский район (019)
209;003;006;г. Северодвинск (006)
209;003;020;Онежский район (020)
209;004;007;г. Новодвинск (007)
209;004;012;Холмогорский район (012)
209;004;026;Пинежский район (026)
209;006;009;Плесецкий район (009)
209;006;028;г. Мирный Архангельской области (028)
209;007;010;г. Котлас и Котласский район (010)
209;007;017;Верхнетоемский район (017)
209;007;018;Красноборский район (018)
209;008;011;Вельский район (011)
209;008;008;Устьянский район (008)
209;008;015;Коношский район (015)
209;018;021;г. Коряжма (021)
209;018;016;Вилегодский район (016)
209;018;024;Ленский район (024)
209;019;022;Виноградовский район (022)
209;019;014;Шенкурский район (014)
209;022;023;Каргопольский район (023)
209;022;025;Няндомский район (025)
209;045;045;Ненецкий автономный округ (045)
209;046;046;Центр ПФР в Архангельской области и НАО (046)
040;000;000;Астраханская область 
040;000;002;Володарский район (002)
040;000;003;Енотаевский район (003)
040;000;004;Икрянинский район (004)
040;000;005;Камызякский район (005)
040;000;006;Красноярский район (006)
040;000;007;Лиманский район (007)
040;000;008;Наримановский район (008)
040;000;009;Приволжский район (009)
040;000;010;Харабалинский район (010)
040;000;011;Черноярский район (011)
040;000;015;Кировский район г. Астрахани (015)
040;000;016;Ленинский район г. Астрахани (016)
040;000;017;Советский район г. Астрахани (017)
040;000;018;Трусовский район г. Астрахани (018)
040;000;001;Ахтубинский район
040;000;013;г. Знаменск
043;000;000;Владимирская область
043;001;050;УПФР в г. Владимире Владимирской области (межрайонное)
043;001;050;Ленинский район
043;001;050;Октябрьский район
043;001;050;Фрунзенский район
043;001;050;г. Радужный (310)
043;010;400;Александровский район (400)
043;009;460;Вязниковский район (460)
043;009;480;Гороховецкий район (480)
043;012;500;г. Гусь-Хрустальный (500)
043;009;540;Камешковский район (540)
043;010;560;Киржачский район (560)
043;009;580;г. Ковров (580)
043;010;620;Кольчугинский район (620)
043;012;660;Меленковский район (660)
043;012;680;округ Муром и Муромский район (680)
043;010;720;Петушинский район (720)
043;012;740;Селивановский район (740)
043;001;780;Собинский район и г. Собинка (780)
043;001;800;Судогодский район (800)
043;001;840;г. Суздаль (840)
043;010;860;Юрьев-Польский район (860)
043;070;070;Центр ПФР по выплате пенсий по Владимирской области
044;000;000;Волгоградская область 
044;001;001;Алексеевский район (001)
044;002;002;Быковский район (002)
044;003;003;Городищенский район (003)
044;004;004;Даниловский район (004)
044;005;005;Дубовский район (005)
044;006;006;Еланский район (006)
044;007;007;Жирновский район (007)
044;008;008;Иловлинский район (008)
044;009;009;Калачевский район (009)
044;010;010;Камышинский район
044;010;101;г. Камышин
044;011;011;Киквидзенский район (011)
044;012;012;Клетский район (012)
044;013;013;Котельниковский район (013)
044;014;014;Котовский район (014)
044;015;015;Ленинский район (015)
044;016;016;г. Михайловка
044;016;161;Михайловский район
044;017;017;Нехаевский район (017)
044;018;018;Николаевский район (018)
044;019;019;Новоаннинский район (019)
044;020;020;Новониколаевский район (020)
044;021;021;Октябрьский район (021)
044;022;022;Ольховский район (022)
044;023;023;Палласовский район (023)
044;024;024;Кумылженский район (024)
044;025;025;Руднянский район (025)
044;026;026;Светлоярский район (026)
044;027;027;Серафимовичский район (027)
044;028;028;Среднеахтубинский район (028)
044;029;029;Старополтавский район (029)
044;030;030;Суровикинский район (030)
044;031;031;Урюпинский район
044;031;311;г. Урюпинск
044;032;032;г. Фролово
044;032;321;Фроловский район
044;033;033;Чернышковский район (033)
044;034;034;г. Волжский (034)
044;035;040;Ворошиловский район г. Волгограда (040)
044;036;041;Дзержинский район г. Волгограда (041)
044;037;042;Кировский район г. Волгограда (042)
044;038;043;Красноармейский район г. Волгограда (043)
044;039;044;Краснооктябрьский район г. Волгограда (044)
044;040;045;Тракторозаводский район г. Волгограда (045)
044;041;046;Советский район г. Волгограда (046)
044;042;047;Центральный район г. Волгограда (047)
045;000;000;Вологодская область
045;001;001;Бабаевский район (001)
045;002;002;Бабушкинский район (002)
045;003;003;Белозерский район (003)
045;004;004;Вашкинский район (004)
045;005;005;Верховажский район (005)
045;006;006;Вожегодский район (006)
045;008;008;Вытегорский район (008)
045;009;009;Грязовецкий район (009)
045;010;010;Кадуйский район (010)
045;011;011;Кирилловский район (011)
045;012;012;Кичменгско-Городецкий район (012)
045;013;013;Междуреченский район (013)
045;014;014;Никольский район (014)
045;015;015;Нюксенский район (015)
045;016;016;Сямженский район (016)
045;017;017;Тарногский район (017)
045;018;018;Тотемский район (018)
045;019;019;Усть-Кубинский район (019)
045;020;020;Устюженский район (020)
045;021;021;Харовский район (021)
045;022;022;Чагодощенский район (022)
045;023;023;Шекснинский район (023)
045;024;007;Вологодский район
045;024;024;г. Вологда
045;025;025;г. Великий Устюг (025)
045;026;026;г. Сокол (026)
045;027;027;г. Череповец и Череповецкий район (027)
045;028;028;Управление выплаты пенсий и социальных выплат по Вологодской области (028)
046;000;000;Воронежская область
046;001;001;Аннинский район (001)
046;002;002;Бобровский район (002)
046;003;003;Богучарский район (003)
046;004;004;Борисоглебский район (004)
046;005;005;Бутурлиновский район (005)
046;006;006;Верхнемамонский район (006)
046;007;007;Верхнехавский район (007)
046;008;008;Грибановский район (008)
046;009;009;Калачеевский район (009)
046;010;010;Каменский район (010)
046;011;011;Кантемировский район (011)
046;012;012;Лискинский район (012)
046;013;013;Нижнедевицкий район (013)
046;014;014;Новоусманский район (014)
046;015;015;Новохоперский район (015)
046;016;016;Ольховатский район (016)
046;017;017;Острогожский район (017)
046;018;018;Павловский район (018)
046;019;019;Панинский район (019)
046;020;020;Петропавловский район (020)
046;021;021;Поворинский район (021)
046;022;022;Подгоренский район (022)
046;023;023;Рамонский район (023)
046;024;024;Репьевский район (024)
046;025;025;Россошанский район (025)
046;026;026;Семилукский район (026)
046;027;027;Таловский район (027)
046;028;028;Терновский район (028)
046;029;029;Хохольский район (029)
046;030;030;Эртильский район (030)
046;031;031;Железнодорожный район в г.Воронеже
046;031;032;Коминтерновский район в г.Воронеже 
046;031;033;Левобережный район в г.Воронеже
046;031;034;Ленинский район в г.Воронеже
046;031;035;Советский район в г.Воронеже
046;031;036;Центральный район в г.Воронеже
046;031;050;УПФР в г. Воронеже
046;032;041;Воробьевский район (041)
046;033;042;Каширский район (042)
046;034;043;г. Нововоронеж (043)
047;000;000;Ивановская область 
047;000;001;городской округ Вичуга и Вичугский муниципальный район (001)
047;000;002;городской округ Кинешма и Кинешемский муниципальный район (002)
047;000;003;городской округ Тейково и Тейковский муниципальный район (003)
047;000;004;Фурмановский муниципальный район (004)
047;000;005;городской округ Шуя и Шуйский  муниципальный район (005)
047;000;006;Верхнеландеховский муниципальный район (006)
047;000;007;Гаврилово-Посадский муниципальный район (007)
047;000;008;Заволжский муниципальный район (008)
047;000;009;Ивановский муниципальный район, городской округ Кохма
047;000;023;Ленинский район городского округа Иваново
047;000;024;Октябрьский район городского округа Иваново
047;000;025;Советсткий район городского округа Иваново
047;000;026;Фрунзенский район городского округа Иваново
047;000;028;г. Иваново, Кохма и Ивановском муниципальном районе
047;000;010;Ильинский муниципальный район (010)
047;000;011;Комсомольский муниципальный район (011)
047;000;012;Лежневский муниципальный район (012)
047;000;013;Лухский муниципальный район (013)
047;000;014;Палехский муниципальный район (014)
047;000;015;Пестяковский муниципальный район (015)
047;000;016;Приволжский муниципальный район (016)
047;000;017;Пучежский муниципальный район (017)
047;000;018;Родниковский муниципальный район (018)
047;000;019;Савинский муниципальный район (019)
047;000;021;Южский муниципальный район (021)
047;000;022;Юрьевецкий муниципальный район (022)
048;000;000;Иркутская область 
048;000;004;г. Иркутска (004)
048;000;007;Ангарское муниципальное образование (007)
048;000;008;Бодайбинский район (008)
048;000;009;г. Братск и Братский район (009)
048;000;010;Балаганский район (010)
048;000;011;Зиминский район (011)
048;000;012;Жигаловский район (012)
048;000;013;Заларинский район (013)
048;000;014;г. Саянск (014)
048;000;015;Казачинско-Леский район (015)
048;000;016;Катангский район (016)
048;000;017;Качугский р-он (017)
048;000;018;Куйтунский район (018)
048;000;019;Мамско-Чуйский район (019)
048;000;020;Нижнеудинский район (020)
048;000;021;Нижнеилимский район (021)
048;000;022;Ольхонский район (022)
048;000;024;Слюдянской район (024)
048;000;025;Тайшетский район (025)
048;000;026;г. Тулун и Тулунский район (026)
048;000;027;г. Усть-Илимск и Усть-Илимский район (027)
048;000;028;Усть-Кутский р-он (28)
048;000;029;г. Усолье-Сибирское и Усольский район (029)
048;000;030;Усть-Удинский район (030)
048;000;031;г. Черемхово и Черемховский район (031)
048;000;032;Чунский район (032)
048;000;033;Шелеховский район (033)
048;000;034;Киренский район (034)
048;000;101;Аларский район Усть-Ордынского Бурятского округа (101)
048;000;102;Баяндаевский район Усть-Ордынского Бурятского округа (102)
048;000;103;Боханксий район Усть-Ордынского Бурятского округа (103)
048;000;104;Нукутский район Усть-Ордынского Бурятского округа (104)
048;000;105;Осинский район Усть-Ордынского Бурятского округа (105)
048;000;106;Эхирит-Булагатский район Усть-Ордынского Бурятского округа (106)
049;000;000;Калининградская область 
049;001;003;Ленинградский район
049;001;004;Московский район
049;001;006;Центральный район
049;002;007;г. Советск
049;002;010;Неманский район
049;002;018;Краснознаменский район
049;002;023;Славский район
049;003;008;Гусевский район
049;003;009;Черняховский район
049;003;019;Нестеровский район
049;003;020;Озерский район
049;004;011;г. Светлый
049;004;012;г. Балтийск
049;005;013;Светлогорский район
049;005;017;Зеленоградский район
049;005;024;г. Пионерский
049;006;014;Багратионовский район
049;006;025;г. Мамоново
049;007;015;Гвардейский район
049;007;021;Полесский район
049;007;022;Правдинский район
049;008;016;Гурьевский район (016)
050;000;000;Калужская область
050;012;001;Бабынинский район (001)
050;010;002;Барятинский район
050;004;014;Мосальский район
050;016;003;Боровский район
050;016;030;г. Балабаново
050;004;004;Дзержинский район (004)
050;012;005;Думиничский район
050;006;021;Хвастовичский район
050;006;006;Жиздринский район
050;006;029;Людиновский район
050;016;007;Жуковский район
050;016;031;г. Кременки
050;004;008;Износковский район
050;004;012;Медынский район
050;012;013;Мещевский район
050;009;009;Козельский район
050;009;015;Перемышльский район
050;009;019;Ульяновский район
050;010;010;Куйбышевский район
050;010;027;Кировский район
050;004;011;Малоярославецкий район  (011)
050;012;017;Сухиничский район
050;010;016;Спас-Деменский район
050;004;022;Юхновский район
050;016;018;Тарусский район
050;016;020;Ферзиковский район
050;015;023;г. Калуга
050;016;028;г. Обнинск (028)
053;000;000;Кировская область 
053;006;006;Афанасьевский район (006)
053;007;007;Белохолуницкий район (007)
053;009;009;Верхнекамский район (009)
053;011;011;Вятскополянский район (011)
053;012;012;Даровский район (012)
053;013;013;Зуевский район (013)
053;014;014;Кикнурский район (014)
053;015;015;Кильмезский район (015)
053;016;016;Кирово-Чепецкий район (016)
053;017;017;Котельничский район (017)
053;018;018;Куменский район (018)
053;020;020;Лузский район (020)
053;021;021;Малмыжский район (021)
053;022;022;Мурашинский район (022)
053;023;023;Нагорский район (023)
053;026;026;Омутнинский район (026)
053;027;027;Опаринский район (027)
053;030;030;Подосиновский район (030)
053;031;031;Санчурский район (031)
053;032;032;Свечинский район (032)
053;033;033;Слободский район (033)
053;036;036;Тужинский район (036)
053;039;039;Фаленский район (039)
053;040;040;Орловский район (040)
053;041;041;Шабалинский район (041)
053;042;042;Юрьянский район (042)
053;043;043;Яранский район (043)
053;044;045;Центр по выплате пенсий ПФР в Кировской области (045)
053;045;001;Ленинский район г. Кирова
053;045;002;Октябрьский район г. Кирова
053;045;003;Первомайский район г. Кирова
053;045;004;Нововятский район г. Кирова
053;045;028;Оричевский район
053;046;005;Арбажский район
053;046;010;Верхошижемский район
053;046;019;Лебяжский район
053;046;029;Пижанский район
053;046;034;Советский район
053;047;008;Богородский район
053;047;024;Немский район
053;047;025;Нолинский район
053;047;035;Сунский район
053;047;037;Унинский район
053;047;038;Уржумский район
054;000;000;Костромская область 
054;002;002;г. Буй и Буйский район (002)
054;002;022;Сусанинский район (022)
054;012;013;г. Нерехта и Нерехтский район (013)
054;026;003;Вохомской район
054;026;014;Октябрьский район
054;026;016;Павинский район
054;026;018;Поназыревский район
054;026;019;Пыщугский район
054;026;024;г. Шарье и Шарьинский район
054;027;001;Антроповский район
054;027;004;г. Галич и Галичский район
054;027;017;Парфеньевский район
054;027;020;Солигаличский район
054;027;023;Чухломской район
054;028;005;Кадыйский район
054;028;006;Кологривский район
054;028;009;Макарьевский район
054;028;010;г. Мантурово и Мантуровский район
054;028;011;Межевской район
054;028;012;г. Нея и Нейский район
054;029;029;г. Кострома
054;030;007;Костромской район
054;030;008;Красносельский район (008)
054;030;015;Островский район (015)
054;030;021;Судиславский район (021)
054;030;028;г. Волгореченск (028)
055;000;000;Курганская область 
055;000;109;Куртамышский район (109)
055;000;121;Шатровский район (121)
055;000;124;Юргамышский район (124)
055;000;004;г. Курган (004)
055;000;105;Звериноголовский район (105)
055;000;119;Частоозерский район (119)
055;000;112;Мишкинский район (112)
055;000;108;Кетовский район (108)
055;000;111;Макушинский район (111)
055;000;114;Петуховский район (114)
055;000;116;Притобольный район (116)
055;000;118;Целинный район (118)
055;000;123;Щучанский район (123)
055;000;103;Варгашинский район (103)
055;000;117;Сафакулевский район (117)
055;000;106;Каргапольский район (106)
055;000;104;Далматовский район (104)
055;000;113;Мокроусовский район (113)
055;000;101;Альменевский район (101)
055;000;107;Катайский район (107)
055;000;120;г. Шадринск и Шадринский район (120)
055;000;110;Лебяжьевский район (110)
055;000;122;Шумихинский район (122)
055;000;102;Белозерский район (102)
055;000;115;Половинский район (115)
056;000;000;Курская область 
056;000;006;КС в г. Железногорске
056;000;005;КС  в Дмитриевском районе
056;000;026;КС  в Хомутовском районе
056;000;012;КС в г. Курчатове
056;000;009;КС  в Конышевском районе
056;000;013;КС  в Льговском районе
056;000;017;КС  в Октябрьском районе
056;000;020;КС  в Рыльском районе
056;000;028;КС в г. Щигры
056;000;004;КС  в Горшеченском районе
056;000;008;КС  в Касторенском районе
056;000;014;КС  в Мантуровском районе
056;000;021;КС  в Советском районе
056;000;024;КС  в Тимском районе
056;000;027;КС  в Черемисиновском районе
056;000;001;КС  в Беловском районе
056;000;002;КС  в Б.Солдатском районе
056;000;003;КС  в Глушковском районе
056;000;007;КС  в Золотухинском районе
056;000;010;КС  в Кореневском районе
056;000;015;КС  в Медвенском районе
056;000;016;КС  в Обоянском районе
056;000;018;КС  в Поныровском районе
056;000;019;КС  в Пристенском районе
056;000;022;КС  в Солнцевском районе
056;000;023;КС  в Суджанском районе
056;000;025;КС  в Фатежском районе
056;000;031;КС в г.Курске
056;000;034;Управление выплаты пенсий и социальных выплат
058;000;000;Липецкая область
058;000;001;КС в г. Липецке (001)
058;000;005;Липецкий район (005)
058;000;012;Воловский район (012)
058;000;021;Грязинский район (021)
058;000;023;Данковский район (023)
058;000;032;Добринский район (032)
058;000;034;Добровский район (034)
058;000;043;Долгоруковский район (043)
058;000;044;Чаплыгинский район (044)
058;000;045;Елецкий район (045)
058;000;054;Задонский район (054)
058;000;055;Усманский район (055)
058;000;056;Измалковский район (056)
058;000;065;Краснинский район (065)
058;000;066;Лебедянский район (066)
058;000;067;Лев-Толстовский район (067)
058;000;078;Становлянский район (078)
058;000;087;Тербунский район (087)
058;000;088;г. Елец (088)
058;000;089;Хлевенский район (089)
059;000;000;Магаданская область 
059;001;000;УПФР в г. Магадане
059;001;006;Ольский район Магаданской области
059;001;007;Хасынский район Магаданской области
059;002;002;Сусуманский район (002)
059;003;003;Ягоднинский район (003)
059;004;004;Среднеканский район (004)
059;005;005;Тенькинский район (005)
059;006;008;Омсукчанский район (008)
059;007;009;Северо-Эвенский район (009)
059;007;001;г. Магадан (001)
062;000;000;Нижегородская область 
062;000;001;г. Саров (001)
062;000;002;Ардатовский район (002)
062;000;003;Большеболдинский район (003)
062;000;004;Большемурашкинский район (004)
062;000;005;Бутурлинский район (005)
062;000;006;Вадский район (006)
062;000;007;Варнавинский район (007)
062;000;008;Вачский район (008)
062;000;009;Ветлужский район (009)
062;000;010;Вознесенский район (010)
062;000;011;Воротынский район (011)
062;000;012;Воскресенский район (012)
062;000;013;Гагинский район (013)
062;000;014;УПФР городского округа Сокольский (014)
062;000;015;Дальнеконстантиновский район (015)
062;000;016;Дивеевский район (016)
062;000;017;Княгининский район (017)
062;000;018;Ковернинский район (018)
062;000;019;Краснобаковский район (019)
062;000;020;Краснооктябрьский район (020)
062;000;021;Лукояновский район (021)
062;000;022;Лысковский район (022)
062;000;023;УПФР по городскому округу Навашинский (023)
062;000;024;Перевозский район (024)
062;000;025;Первомайский район (025)
062;000;026;Пильнинский район (026)
062;000;027;Починковский район (027)
062;000;028;городской округ Семеновский (028)
062;000;029;Сергачский район (029)
062;000;030;Сеченовский район (030)
062;000;031;Сосновский район (031)
062;000;032;Спасский район (032)
062;000;033;Тонкинский район (033)
062;000;034;Тоншаевский район (034)
062;000;035;Уренский район (035)
062;000;036;Чкаловский район (036)
062;000;037;Шарангский район (037)
062;000;038;Шатковский район (038)
062;000;039;городской округ город Шахунья (039)
062;000;040;Арзамасский район (040)
062;000;041;Балахнинский район (041)
062;000;042;Богородский район (042)
062;000;043;городской округ город Бор (043)
062;000;044;городской округ город Выкса (044)
062;000;045;Городецкий район (045)
062;000;046;УПФР городского округа г. Дзержинск (046)
062;000;047;Кстовский район (047)
062;000;048;Кулебакский район (048)
062;000;049;Павловский район (049)
062;000;050;Автозаводский район г. Нижнего Новгорода (050)
062;000;051;Канавинский район г. Нижнего Новгорода (051)
062;000;052;Ленинский район г. Нижнего Новгорода (052)
062;000;053;Московский район г. Нижнего Новгорода (053)
062;000;054;Нижегородский район г. Нижнего Новгорода (054)
062;000;055;Приокский район г. Нижнего Новгорода (055)
062;000;056;Советский район г. Нижнего Новгорода (056)
062;000;057;Сормовский район г. Нижнего Новгорода (057)
062;000;058;Володарский район (058)
063;000;000;Новгородская область 
063;000;001;г. Великий Новгород и Новгородский р-он
063;000;002;Батецкий район Новгородской области
063;000;007;Крестецкий район Новгородской области
063;000;022;Шимский район Новгородской области
063;000;003;Боровичский район
063;000;008;Любытинский район
063;000;011;Мошенский район
063;000;015;Пестовский район
063;000;019;Хвойнинский район
063;000;004;Валдайский район (004)
063;000;009;Маловишерский район (009)
063;000;013;Окуловский район (013)
063;000;005;Волотовский район
063;000;006;Демянский район
063;000;010;Маревский район
063;000;014;Парфинский район
063;000;016;Поддорский район
063;000;017;Солецкий район
063;000;018;Старорусский район
063;000;020;Холмский район
063;000;021;Чудовский район (021)
064;000;000;Новосибирская область 
064;001;001;Дзержинский район г. Новосибирска (001)
064;002;002;Железнодорожный район г. Новосибирска (002)
064;003;003;Заельцовский район г. Новосибирска (003)
064;004;004;Калининский район г. Новосибирска (004)
064;005;005;Кировский район г. Новосибирска (005)
064;006;006;Ленинский район г. Новосибирска (006)
064;007;007;Октябрьский район г. Новосибирска (007)
064;008;008;Первомайский район г. Новосибирска (008)
064;009;009;Советский район г. Новосибирска (009)
064;010;010;Центральный район г. Новосибирска (010)
064;011;011;Баганский район (011)
064;012;012;г. Барабинск и Барабинский район (012)
064;013;013;г. Бердск (013)
064;014;014;Болотнинский район (014)
064;015;015;Венгеровский район (015)
064;016;016;Доволенский район (016)
064;017;017;Здвинский район (017)
064;018;018;г. Искитим и Искитимский район (018)
064;019;019;Карасукский район (019)
064;020;020;Каргатский район (020)
064;021;021;Колыванский район (021)
064;022;022;Коченевский район (022)
064;023;023;Кочковский район (023)
064;024;024;Краснозерский район (024)
064;025;025;г. Куйбышев и Куйбышевский район (025)
064;026;026;Купинский район (026)
064;027;027;Кыштовский район (027)
064;028;028;Маслянинский район (028)
064;029;029;Мошковский район (029)
064;030;030;Новосибирский район (030)
064;031;031;г. Обь (031)
064;032;032;Ордынский район (032)
064;033;033;Северный район (033)
064;034;034;Сузунский район (034)
064;035;035;г. Татарск и Татарский район (035)
064;036;036;Тогучинский район (036)
064;037;037;Убинский район (037)
064;038;038;Усть-Таркский район (038)
064;039;039;Чановский район (039)
064;040;040;Черепановский район (040)
064;041;041;Чистоозерный район (041)
064;042;042;Чулымский район (042)
065;000;000;Омская область
065;000;001;Центральный район г. Омска
065;000;004;Октябрьский район г. Омска
065;000;005;Советский район г. Омска 
065;000;006;Кировский район г. Омска
065;000;007;Ленинский район г. Омска
065;000;008;Омский район г. Омска
065;000;011;Азовский район (011)
065;000;012;Большереченский район (012)
065;000;013;Большеуковский район (013)
065;000;014;Горьковский район (014)
065;000;015;Знаменский район (015)
065;000;016;Исилькульский район (016)
065;000;017;Калачинский район (017)
065;000;018;Колосовский район (018)
065;000;019;Кормиловский район (019)
065;000;020;Крутинский район (020)
065;000;021;Любинский район (021)
065;000;022;Марьяновский район (022)
065;000;023;Москаленский район (023)
065;000;024;Муромцевский район (024)
065;000;025;Называевский район (025)
065;000;026;Нижнеомский район (026)
065;000;027;Нововаршавский район (027)
065;000;028;Одесский район (028)
065;000;029;Оконешниковский район (029)
065;000;030;Павлоградский район (030)
065;000;031;Полтавский район (031)
065;000;032;Русско-Полянский район (032)
065;000;033;Саргатский район (033)
065;000;034;Седельниковский район (034)
065;000;035;Таврический район (035)
065;000;036;Тарский район (036)
065;000;037;Тевризский район (037)
065;000;038;Тюкалинский район (038)
065;000;039;Усть-Ишимский район (039)
065;000;040;Черлакский район (040)
065;000;041;Шербакульский район (041)
066;000;000;Оренбургская область 
066;000;362;г. Оренбург (362)
066;000;211;г. Абдулино
066;000;420;Адамовский район
066;000;362;Акбулакский район
066;000;362;Александровский район
066;000;211;Асекеевский район
066;000;362;Беляевский район
066;000;211;г. Бугуруслан
066;000;212;г. Бузулук
066;000;423;г. Гай
066;000;212;Грачевский район
066;000;420;Домбаровский район
066;000;231;Илекский район
066;000;420;Кваркенский район
066;000;362;Красногвардейский район
066;000;423;Кувандыкский район
066;000;212;Курманаевский район
066;000;211;Матвеевский район
066;000;420;Новоорский район
066;000;231;Новосергиевский район
066;000;362;Октябрьский район
066;000;212;Первомайский район
066;000;231;Переволоцкий район
066;000;362;Пономаревский район
066;000;362;Сакмарский район
066;000;362;Саракташский район
066;000;420;Светлинский район
066;000;211;Северный район
066;000;362;Соль-Илецкий район
066;000;362;г. Сорочинск
066;000;231;Ташлинский район
066;000;212;Тоцкий район
066;000;362;Тюльганский район
066;000;362;Шарлыкский район
066;000;420;г. Ясный
066;000;423;г. Орск
066;000;423;г. Медногорск
066;000;420;г. Новотроицк
066;000;212;Бузулукский район
067;000;000;Орловская область 
067;011;011;Болховский район (001)
067;011;011;Верховский район (002)
067;009;009;Глазуновский район (003)
067;019;031;Дмитровский район (004)
067;009;009;Должанский район (005)
067;011;011;Залегощенский район (006)
067;009;009;Колпнянский район (007)
067;019;031;Кромской район (008)
067;009;009;Ливенский район
067;009;009;г. Ливны
067;009;009;Малоархангельский район (010)
067;011;011;Мценский район
067;011;011;г. Мценск
067;011;011;Новодеревеньковский район (012)
067;011;011;Новосильский район (013)
067;009;009;Покровский район (015)
067;009;009;Свердловский район (016)
067;019;031;Урицкий район (017)
067;019;031;Хотынецкий район (018)
067;019;031;Шаблыкинский район (019)
067;019;031;Знаменский район (023)
067;011;011;Краснозоренский район (024)
067;019;031;Троснянский район (025)
067;011;011;Корсаковский район (026)
067;019;031;Сосковский район (027)
067;019;031;г.Орел
068;000;000;Пензенская область 
068;000;005;г. Кузнецк
068;000;018;Камешкирский район 
068;000;021;Лопатинский район
068;000;026;Неверкинский район 
068;000;006;г. Сердобск
068;000;011;Бековский район
068;000;019;Колышлейский район
068;000;023;Малосердобинский район 
068;000;007;г. Каменка
068;000;009;Башмаковский район (009)
068;000;013;Белинский район (013)
068;000;031;Тамалинский район (031)
068;000;008;г. Нижний Ломово
068;000;010;Спасский район 
068;000;014;Вадинский район
068;000;016;Земетчинский район
068;000;025;Наровчатский район
068;000;028;Пачелмский район
068;000;012;Бессоновский район
068;000;022;Лунинский район
068;000;015;г. Городище
068;000;027;Никольский район 
068;000;030;Сосновоборский район
068;000;024;Мокшанский район
068;000;017;Иссинский район
068;000;033;г. Заречный
068;000;029;Пензенский район+бывш.Кондольский район
068;000;032;Шемышейский район
068;000;035;г. Пенза
070;000;000;Псковская область 
070;001;001;Бежаницкий район (001)
070;002;002;Великолукский район
070;002;026;г. Великие Луки
070;003;003;Гдовский район (003)
070;004;004;Дедовичский район (004)
070;005;005;Дновский район (005)
070;006;006;Красногородский район (006)
070;007;007;Куньинский район (007)
070;008;008;Локнянский район (008)
070;009;009;Невельский район (009)
070;010;010;Новоржевский район (010)
070;011;011;Новосокольнический район (011)
070;012;012;Опочецкий район (012)
070;013;013;Островский район (013)
070;014;014;Палкинский район (014)
070;015;015;Печорский район (015)
070;016;016;Плюсский район (016)
070;017;017;Порховский район (017)
070;019;019;Пустошкинский район (019)
070;020;020;Пушкиногорский район (020)
070;021;021;Пыталовский район (021)
070;022;022;Себежский район (022)
070;023;023;Стругокрасненский район (023)
070;024;024;Усвятский район (024)
070;026;018;Псковский район
070;026;025;г. Псков
071;000;000;Ростовская область 
071;001;001;Азовский район (001)
071;002;002;Аксайский район (002)
071;003;003;Багаевский район (003)
071;004;004;Боковский район (004)
071;005;005;Верхнедонский район (005)
071;006;006;Веселовский район (006)
071;007;007;Волгодонский район (007)
071;008;008;Дубовский район (008)
071;009;009;Егорлыкский район (009)
071;010;010;Заветинский район (010)
071;011;011;Зерноградский район (011)
071;012;012;Зимовниковский район (012)
071;013;013;Кагальницкий район (013)
071;014;014;Каменский район (014)
071;015;015;Кашарский район (015)
071;016;016;Константиновский район (016)
071;017;017;Куйбышевский район (017)
071;018;018;Мартыновский район (018)
071;019;019;Матвеево-Курганский район (019)
071;020;020;Милютинский район (020)
071;021;021;Морозовский район (021)
071;022;022;Мясниковский район (022)
071;023;023;Неклиновский район (023)
071;024;024;Обливский район (024)
071;025;025;Октябрьский район (025)
071;026;026;Орловский район (026)
071;027;027;Песчанокопский район (027)
071;028;028;Пролетарский (с) район (028)
071;029;029;Ремонтненский район (029)
071;030;030;Родионово-Несветайский район (030)
071;031;031;Семикаракорский район (031)
071;032;032;Тарасовский район (032)
071;033;033;Тацинский район (033)
071;034;034;Усть-Донецкий район (034)
071;035;035;Целинский район (035)
071;036;036;Цимлянский район (036)
071;037;037;Чертковский район (037)
071;038;038;Шолоховский район (038)
071;039;039;Советский район (039)
071;040;040;г. Азов (040)
071;041;041;г. Батайск (041)
071;042;042;г. Белая Калитва и Белокалитвинский район (042)
071;043;043;г. Волгодонск (043)
071;044;044;г. Гуково (044)
071;045;045;г. Донецк (045)
071;046;046;г. Каменск-Шахтинский (046)
071;047;047;г. Красный Сулин и Красносулинский  район (047)
071;048;048;г. Миллерово и Миллеровский район (048)
071;049;049;г. Новочеркасск (049)
071;050;050;г. Новошахтинск (050)
071;051;051;г. Сальск и Сальский район (051)
071;052;052;г. Таганрог (052)
071;053;053;г. Шахты (053)
071;054;054;г. Зверево (054)
071;055;055;Первомайском район г. Ростова-на-Дону (055)
071;056;056;Пролетарский район г. Ростова-на-Дону (056)
071;057;057;Кировский район г. Ростова-на-Дону (057)
071;058;058;Октябрьский район г. Ростова-на-Дону (058)
071;059;059;Ленинский район г. Ростова-на-Дону (059)
071;060;060;Железнодорожный район г. Ростова-на-Дону (060)
071;061;061;Советский район г. Ростова-на-Дону (061)
071;062;062;Ворошиловский район г. Ростова-на-Дону (062)
072;000;000;Рязанская область 
072;000;000;Управление выплаты пенсий и социальных выплат ОПФР по Рязанской области
075;000;000;Свердловская область  
075;001;001;г. Алапаевск и Алапаевский район (001)
075;002;002;г. Артёмовский (002)
075;003;003;г. Асбест (003)
075;004;004;г. Березовский (004)
075;005;005;г. Богданович (005)
075;006;006;г. Верхняя Пышма и г. Среднеуральск (006)
075;007;007;г. Верхняя Салда (007)
075;008;008;г. Ивдель (008)
075;009;009;г. Ирбит и Ирбитский район (009)
075;010;010;г. Камышлов и Камышловский район (010)
075;011;011;г. Карпинск и г. Волчанск (011)
075;012;012;г. Качканар (012)
075;013;013;г. Кировград и г. Верхний Тагил (013)
075;014;014;г. Краснотурьинск (014)
075;015;015;г. Красноуральск (015)
075;016;016;г. Красноуфимск и Красноуфимский район (016)
075;017;017;г. Кушва и г. Верхняя Тура (017)
075;018;018;г. Невьянск (018)
075;019;019;г. Нижняя Тура (019)
075;020;020;г. Первоуральск + Шалинский р-он(межрайонное)
075;021;021;г. Полевской (021)
075;022;022;г. Ревда и г. Дегтярск (022)
075;023;023;г. Реж (023)
075;024;024;г. Североуральск (024)
075;025;025;г. Серов и Серовский район (025)
075;026;026;г. Сухой Лог (026)
075;027;027;г. Тавда + Таборинский р-он (межрайонное)
075;028;028;Верх-Исетский район г. Екатеринбурга (028)
075;029;029;Железнодорожный район г. Екатеринбурга (029)
075;030;030;Кировский район г. Екатеринбурга (030)
075;031;031;Ленинский район г. Екатеринбурга (031)
075;032;032;Октябрьский район г. Екатеринбурга (032)
075;033;033;Орджоникидзевский район г. Екатеринбурга (033)
075;034;034;Чкаловский район г. Екатеринбурга (034)
075;035;036;г. Каменск–Уральский и Каменский район (036)
075;036;038;г. Нижний Тагил и Пригородный район (038)
075;037;043;Артинский район (043)
075;038;044;Ачитский район (044)
075;039;045;Байкаловский район (045)
075;040;046;Белоярский район (046)
075;041;047;Верхотурский уезд (047)
075;042;048;Гаринский район (048)
075;043;049;Новолялинский район (049)
075;044;050;Нижнесергинский район (050)
075;045;051;Пышминский район (051)
075;046;052;Слободо-Туринский район (052)
075;047;053;Сысертский район (053)
075;049;055;Талицкий район (055)
075;050;056;Туринский район (056)
075;051;057;Тугулымский район (057)
075;053;059;г. Новоуральск (059)
075;054;060;г. Лесной (060)
075;055;061;г. Нижняя Салда (061)
075;056;062;г. Заречный (062)
076;000;000;Смоленская область
076;001;001;Велижский район
076;001;005;Демидовский район
076;001;017;Руднянский район
076;002;002;Вяземский район
076;002;022;Тёмкинский район
076;002;023;Угранский район
076;003;003;Гагаринский район
076;003;014;Новодугинский район
076;003;021;Сычевский район
076;004;004;Глинковский район
076;004;015;Починковский район
076;005;006;г. Десногорск (006)
076;006;007;Дорогобужский район
076;006;009;Ельнинский район
076;007;008;Духовщинский район
076;007;011;Кардымовский район
076;007;027;Ярцевский район
076;008;010;Ершичский район
076;008;016;Рославльский район
076;008;026;Шумячский район
076;009;012;Краснинский район
076;009;028;Смоленский район
076;010;013;Монастырщинский район
076;010;024;Хиславичский район
076;011;018;Сафоновский район
076;011;025;Холм-Жирковский район
076;012;029;Ленинский район г. Смоленска (029)
076;013;030;Промышленный район г. Смоленска (030)
076;014;031;Заднепровский район г. Смоленска (031)
076;015;500;Центр по выплате пенсий по Смоленской области (500)
077;000;000;Самарская область
077;000;001;Железнодорожный район г. Самары (001)
077;000;003;Красноглинский район г. Самары (003)
077;000;004;Куйбышевский район г. Самары (004)
077;000;005;Ленинский район г. Самары
077;000;005;Самарский район г. Самары
077;000;011;Автозаводский район г. Тольятти (011)
077;000;012;Комсомольский район г. Тольятти (012)
077;000;013;Центральный район г. Тольятти
077;000;020;городской округ Жигулевск  (020)
077;000;021;г. Кинель
077;000;021;Кинельский район
077;000;022;городской округ Новокуйбышевск (022)
077;000;023;г. Октябрьск
077;000;025;г. Сызрань
077;000;025;Сызранский район
077;000;054;Шигонский район
077;000;024;г. Отрадный (024)
077;000;026;городской округ Чапаевск (026)
077;000;027;г. Похвистнево
077;000;027;Похвистневский район
077;000;030;муниципальный район Алексеевский  (030)
077;000;031;Безенчукский район (031)
077;000;032;Богатовский район (032)
077;000;033;Борский район (033)
077;000;034;муниципальный район Большеглушицкий  (034)
077;000;035;Большечерниговский район (035)
077;000;037;муниципальный район Исаклинский (037)
077;000;039;Кинель-Черкасский район (039)
077;000;040;муниципальный район Клявлинский  (040)
077;000;041;муниципальный район Красноармейский (041)
077;000;042;Кошкинский район (042)
077;000;043;муниципальный район Красноярский (043)
077;000;044;муниципальный район Нефтегорский (044)
077;000;045;Пестравский район (045)
077;000;047;Приволжский район (047)
077;000;048;муниципальный район Сергиевский (048)
077;000;051;Хворостянский район (051)
077;000;052;муниципальный район Челно-Вершинский (052)
077;000;053;муниципальный район Шенталинский (053)
077;000;055;муниципальный район Камышлинский (055)
077;000;056;муниципальный район Елховский (056)
077;000;006;Октябрьский  район городского округа Самара
077;000;006;Советский район городского округа Самара
077;000;002;Кировский район городского округа Самара
077;000;007;Промышленный район городского округа Самара
078;000;000;Тверская область 
078;003;701;Отдел оценки пенсионных прав застрахованных лиц № 1 
078;003;607;Отдел установления пенсий № 1 
078;003;608;Отдел установления пенсий № 2 
078;003;609;Отдел установления пенсий № 3 
078;003;610;Отдел установления пенсий № 4 
078;003;611;Отдел установления пенсий № 5 
078;003;646;Отдел установления пенсий с учетом специального стажа 
078;003;673;Отдел контроля установления пенсий
079;000;000;Тамбовская область 
079;001;001;Бондарский район (001)
079;002;002;Гавриловский район (002)
079;003;003;Жердевский район (003)
079;004;004;Знаменский район (004)
079;005;005;Инжавинский район (005)
079;006;006;УПФР в г. Кирсанове и Кирсановском районе
079;006;061;г. Кирсанов
079;006;062;Кирсановский район
079;007;007;УПФР в г. Мичуринске и Мичуринском районе
079;007;071;г. Мичуринск
079;007;072;Мичуринский район
079;008;008;Мордовский район (008)
079;009;009;УПФР в г. Моршанске и Моршанском районе
079;009;091;г. Моршанск
079;009;092;Моршанский район
079;010;010;Мучкапский район (010)
079;011;011;Никифоровский район (011)
079;012;012;Первомайский район (012)
079;013;013;Петровский район (013)
079;014;014;Пичаевский район (014)
079;015;015;УПФР в г. Рассказово и Рассказовском районе
079;015;151;г. Рассказово
079;015;152;Рассказовский район
079;016;016;Ржаксинский район (016)
079;017;017;Сампурский район (017)
079;018;018;Сосновский район (018)
079;019;019;Староюрьевский район (019)
079;021;021;Токаревский район (021)
079;022;022;УПФР в г. Уварово и Уваровском районе
079;022;221;г. Уварово
079;022;222;Уваровский район
079;023;023;Уметский район (023)
079;024;024;г. Котовск (024)
079;026;020;Тамбовский район
079;026;025;г. Тамбов
079;026;026;УПФР в г.Тамбове и Тамбовском районе Тамбовской области
080;000;000;Томская область 
080;001;001;Кировский район г. Томска
080;001;002;Ленинский район г. Томска
080;001;003;Советский район г. Томска
080;001;004;Октябрьский район г. Томска
080;002;005;ЗАТО Северск (005)
080;004;007;г. Стрежевой (007)
080;004;008;Александровский  (008)
080;006;009;Асиновский район (009)
080;006;012;Зырянский район (012)
080;006;019;Первомайский
080;006;020;Тегульдетский район (020)
080;012;011;Верхнекетский
080;012;013;Каргасокский район (013)
080;012;015;Колпашевский район (015)
080;012;016;Кривошеинский район (016)
080;012;017;Молчановский район (017)
080;012;018;Парабельский район (018)
080;012;022;Чаинский район (022)
080;018;006;г. Кедровый
080;018;010;Бакчарский
080;018;014;Кожевниковский
080;018;021;Томский
080;018;023;Шегарский
081;000;000;Тульская область (Отдел установленияпенсий лицам, проживающим за границей (Израиль)) 
081;000;030;Клиентская служба в г. Туле Тульской области (030)
081;000;006;Клиентская служба в г.Алексин Тульской области (006)
081;000;014;Клиентская служба в Заокском районе Тульской области (014)
081;000;007;Клиентская служба в Арсеньевском районе Тульской области (007)
081;000;008;Клиентская служба в Белевском районе Тульской области (008)
081;000;010;Клиентская служба в Веневском районе Тульской области (010)
081;000;012;Клиентская служба в Дубенском районе Тульской области (012)
081;000;016;Клиентская служба в г.Кимовск и Кимовском районе Тульской области (016)
081;000;017;Клиентская служба в Киреевском районе Тульской области (017)
081;000;018;Клиентская служба в Куркинском районе Тульской области (018)
081;000;020;Клиентская служба в г.Новомосковск Тульской области (020)
081;000;021;Клиентская служба в Одоевском районе Тульской области (021)
081;000;022;Клиентская служба в Плавском районе Тульской области (022)
081;000;023;клиентская служба в Суворовском районе Тульской области (023)
081;000;024;Клиентская служба в Тепло-Огаревском районе Тульской области (024)
081;000;025;Клиентская служба в г. Узловая и Узловском районе Тульской области (025)
081;000;026;Клиентская служба в Чернском районе Тульской области (026)
081;000;027;Клиентская служба в г. Щекино Тульской области (027)
081;000;028;Клиентская служба в Ясногорском районе Тульской области (028)
081;000;029;Клиентская служба в г.Донской Тульской области (029)
081;000;009;Клиентская служба в г.Богородицке Тульской области (009)
081;000;011;Клиентская служба в Воловском районе Тульской области (011)
081;000;013;Клиентская служба в Ефремовском районе Тульской области (013)
081;000;015;Клиентская служба в Каменском районе Тульской области (015)
083;000;000;Ульяновская область 
083;003;003;Базарносызганский район (003)
083;005;005;Вешкаймский район (005)
083;006;006;Инзенский район (006)
083;007;007;Карсунский район (007)
083;008;008;Кузоватовский район (008)
083;009;009;Майнский район (009)
083;011;011;Николаевский район (011)
083;012;012;Новомалыклинский район (012)
083;013;013;Новоспасский район (013)
083;014;014;Павловский район (014)
083;015;015;Радищевский район (015)
083;016;016;Сенгилеевский район (016)
083;017;017;Старокулаткинский район (017)
083;018;018;Старомайнский район (018)
083;019;019;Сурский район (019)
083;020;020;Тереньгульский район (020)
083;021;021;Ульяновский район
083;021;027;Новоульяновск
083;022;022;Цильнинский район (022)
083;023;023;Чердаклинский район (023)
083;024;024;Ленинский район г. Ульяновска (024)
083;025;025;Заволжский район г. Ульяновска (025)
083;026;026;Железнодорожный район г. Ульяновска (026)
083;027;028;Засвияжский район г. Ульяновска (028)
083;028;001;г. Барыш
083;028;004;Барышский район
083;029;002;г. Димитровград
083;029;010;Мелекесский район
084;000;000;Челябинская область 
084;001;001;Центральный район г. Челябинска (001)
084;002;002;Советский район г. Челябинска (002)
084;003;003;Ленинский район г. Челябинска (003)
084;004;004;Тракторозаводский район г. Челябинска (004)
084;005;005;Калининский район г. Челябинска (005)
084;006;006;Курчатовский район г. Челябинска (006)
084;007;007;Металлургический район г. Челябинска (007)
084;008;010;Ашинский район (010)
084;009;012;г. Верхний Уфалей (012)
084;010;014;г. Еманжелинск (014)
084;011;016;г. Златоуст (016)
084;012;017;г. Трехгорный (017)
084;013;020;г. Карабаш (020)
084;014;022;Карталинский район (022)
084;015;024;Каслинский район (024)
084;016;026;Катав-Ивановский район (026)
084;017;028;г. Копейск (028)
084;018;030;г. Коркино (030)
084;019;032;г. Кыштым (032)
084;020;034;г. Миасс (034)
084;021;037;УПФР в г. Магнитогорске
084;021;038;Правобережный район г. Магнитогорска
084;021;039;Ленинский район г. Магнитогорска
084;021;040;Орджоникидзевский район г. Магнитогорска
084;022;042;г. Пласт (042)
084;023;044;Саткинский район (044)
084;024;046;г. Троицк и Троицкий район (046)
084;025;048;г. Усть-Катав (048)
084;026;050;г. Чебаркуль и Чебаркульский район (050)
084;027;052;г. Озерск (052)
084;028;053;г. Снежинск (053)
084;029;055;г. Южноуральск (055)
084;030;060;Агаповский район (060)
084;031;062;Аргаяшский район (062)
084;032;064;Брединский район (064)
084;033;066;Варненский район (066)
084;034;068;Верхнеуральский район (068)
084;035;070;Еткульский район (070)
084;036;072;Кизильский район (072)
084;037;074;Красноармейский район (074)
084;038;076;Кунашакский район (076)
084;039;078;Кусинский район (078)
084;040;080;Нагайбакский район (080)
084;041;082;Нязепетровский район (082)
084;042;084;Октябрьский район (084)
084;043;086;Сосновский район (086)
084;044;087;Уйский район (087)
084;045;088;Увельский район (088)
084;046;090;Чесменский район (090)
086;000;000;Ярославская область 
086;007;007;Ярославский муниципальный район (007)
086;008;009;г. Рыбинск и Рыбинский муниципальный район (009)
086;009;011;г. Переславль-Залесский и Переславский муниципальный район (011)
086;010;012;Ростовский муниципальный район (012)
086;011;013;Тутаевский муниципальный район (013)
086;012;014;Угличский муниципальный район (014)
086;013;015;Большесельский муниципальный район (015)
086;014;016;Борисоглебский муниципальный район (016)
086;015;017;Брейтовский муниципальный район (017)
086;016;018;Гаврилов-Ямский муниципальный район (018)
086;017;019;Даниловский муниципальный район (019)
086;018;020;Любимский муниципальный район (020)
086;019;021;Мышкинский муниципальный район (021)
086;020;022;Некоузский муниципальный район (022)
086;021;023;Некрасовский муниципальный район (023)
086;022;024;Первомайский муниципальный район (024)
086;023;025;Пошехонский муниципальный район (025)
086;024;001;Дзержинский район г. Ярославля
086;024;002;Заволжский район г. Ярославля
086;024;003;Кировский район г. Ярославля
086;024;004;Красноперекопский район г. Ярославля
086;024;005;Ленинский район г. Ярославля
086;024;006;Фрунзенский район г. Ярославля
086;024;030;УПФР в г. Ярославле (межрайонное)
089;000;000;Республика Ингушетия
089;001;001;Центр по начислению, перерасчету и выплате пений Республики Ингушетия (001)
090;000;000;г. Байконур 
090;001;000;г. Байконур 
203;000;000;Пермский край
203;000;001;Ленинский район г. Перми (001)
203;000;002;Дзержинский район г. Перми (002)
203;000;003;Мотовилихинский район г. Перми (003)
203;000;004;Свердловский район г. Перми (004)
203;000;005;Орджоникидзевский район г. Перми (005)
203;000;006;Кировский район г. Перми (006)
203;000;008;Индустриальный район г. Перми (008)
203;000;009;г. Александровск (009)
203;000;010;г. Добрянка (010)
203;000;012;г. Гремячинск (012)
203;000;013;г. Кизел (013)
203;000;014;г. Губаха (014)
203;000;015;г. Кунгур и Кунгурский район (015)
203;000;016;г. Лысьва (016)
203;000;017;г. Соликамск и Соликамский район (017)
203;000;018;г. Чусовой (018)
203;000;019;г. Чайковский (019)
203;000;020;Бардымский район (020)
203;000;021;Березовский район (021)
203;000;022;Большесосновский  район (022)
203;000;023;Верещагинский район (023)
203;000;024;Горнозаводской район (024)
203;000;025;Пермский район (025)
203;000;026;Еловский  район (026)
203;000;027;Ильинский район (027)
203;000;029;Карагайский район (029)
203;000;030;Нытвенский район (030)
203;000;031;Красновишерский район (031)
203;000;032;Куединский район (032)
203;000;033;Кишертский район (033)
203;000;034;Октябрьский район (034)
203;000;035;Ординский район (035)
203;000;036;Осинский район (036)
203;000;037;Оханский район (037)
203;000;038;Очерский район (038)
203;000;039;г. Краснокамск (039)
203;000;040;Сивинский район (040)
203;000;041;Суксунский район (041)
203;000;043;Уинский район (043)
203;000;044;Частинский район (044)
203;000;045;Чердынский район (045)
203;000;046;Чернушинский район (046)
203;000;052;г. Кудымкар
203;000;053;Юсьвинский район (003)
203;000;054;Юрлинский район (004)
203;000;055;Кочевской район (005)
203;000;056;Косинский район (006)
203;000;057;Гайнский район (007)
203;000;011;г. Березники
206;000;000;Камчатский край
206;001;001;г. Петропавловск-Камчатский (001)
206;002;002;Елизовский район (002)
206;001;003;г. Вилючинск (003)
206;002;004;Мильковский район (004)
206;002;005;Соболевский район (005)
206;002;006;Усть-Камчатский район (006)
206;002;007;Усть-Большерецкий район (007)
206;002;008;Быстринский район (008)
206;002;009;Алеутский район (009)
206;010;000;Корякский округ
206;010;001;Пенжинский район Корякский округ
206;010;002;Тигильский район Корякский округ
206;010;003;Карагинский район Корякский округ
206;010;004;Олюторский район Корякский округ
206;010;005;пгт Палана Корякский округ
205;000;000;Красноярский край
205;000;003;Кировский район г. Красноярска
205;000;004;Ленинский район г. Красноярска
205;000;005;Октябрьский район г. Красноярска
205;000;007;Свердловский район г. Красноярска
205;000;008;Советский район г. Красноярска
205;000;011;г. Бородино
205;000;012;г. Дивногорск
205;000;013;г. Енисейск
205;000;015;г. Игарка
205;000;016;г. Канск и Канский район
205;000;017;г. Железногорск
205;000;018;г. Зеленогорск
205;000;019;г. Минусинск и Минусинский район
205;000;020;г. Назарово и Назаровский район
205;000;021;г. Норильск
205;000;022;г. Сосновоборск
205;000;023;г. Шарыпово и Шарыповский район
205;000;024;Абанский район
205;000;025;Балахтинский район
205;000;026;Березовский район
205;000;027;Бирилюсский район
205;000;028;Богучанский район
205;000;029;Большемуртинский район
205;000;030;Большеулуйский район
205;000;031;Дзержинский район
205;000;034;Ермаковский район
205;000;035;Идринский район
205;000;036;Иланский район
205;000;037;Ирбейский район
205;000;038;Казачинский район
205;000;039;Каратузский район
205;000;040;Кежемский район
205;000;041;Козульский район
205;000;042;Краснотуранский район
205;000;043;Курагинский район
205;000;044;Манский район
205;000;045;Мотыгинский  район
205;000;046;Нижнеингашский район
205;000;047;Новоселовский район
205;000;048;Партизанский район
205;000;049;Пировский район
205;000;050;Саянский район
205;000;051;Северо-Енисейский район
205;000;052;Сухобузимский район
205;000;053;Тасеевский район
205;000;054;Туруханский район
205;000;055;Ужурский район
205;000;056;Тюхтетский район
205;000;057;Уярский район
205;000;058;Шушенский район
205;000;059;Таймырский Долгано-Ненецкий муниципальный район  
205;000;060;Эвенкийский муниципальный район
205;000;061;г. Лесосибирск 
205;000;062;г. Боготоле
205;000;063;Рыбинский район
205;000;064;г. Ачинск
205;000;065;Емельяновский район
205;000;066;Железнодорожный район г.Красноярска
205;000;067;с. Хатанга
205;000;068;с. Байкит 
205;000;069;с. Ванавара 
073;000;000;Саратовская область 
073;000;004;КС в Базарно-Карабулакском районе(004)
073;000;007;КС в Балтайском районе (007)
073;000;009;КС в Воскресенском районе (009)
073;000;021;КС в Новобурасском  районе (021)
073;000;005;КС в Балаковском районе (005)
073;000;011;КС в Духовницком районе (011)
073;000;006;КС в Балашовском районе (006)
073;000;029;КС в Романовском районе (029)
073;000;008;КС в Вольском районе, (008)
073;000;036;КС в Хвалынском районе (036)
073;000;013;КС в Ершовском районе (013)
073;000;010;КС в Дергаческом районе (010)
073;000;023;КС в Озинском районе (023)
073;000;037;КС в Федоровском районе (037)
073;000;015;КС в Калининском районе (015)
073;000;019;КС в Лысогорском районе (019)
073;000;031;КС в Самойловском районе (031)
073;000;017;КС в Краснокутском районе (017)
073;000;001;КС в Александрово-Гайском районе (001)
073;000;022;КС в Новоузенском районе (022)
073;000;026;КС в Питерском районе (026)
073;000;020;КС в Марксовском районе (020)
073;000;033;КС в Советском районе (033)
073;000;025;КС в Петровском районе (025)
073;000;003;КС в Аткарском районе (003)
073;000;012;КС в Екатериновском районе (012)
073;000;027;КС в Пугачевском районе (027)
073;000;014;КС в Ивантеевском районе (014)
073;000;018;КС в Краснопартизанском районе (018)
073;000;024;КС в Перелюбском районе (024)
073;000;030;КС в Ртищевском районе (030)
073;000;002;КС в Аркадакском районе (002)
073;000;035;КС в Турковском районе (035)
073;000;038;КС в Энгельсском районе (038)
073;000;028;КС в Ровенском районе (028)
073;000;039;КС в Волжском районе г. Саратова (039)
073;000;034;КС в Татищевском районе (034)
073;000;040;КС в Заводском районе г. Саратова (040)
073;000;032;КС в Саратовском районе (032)
073;000;041;КС в Кировском районе г. Саратова (041)
073;000;043;КС в Октябрьском районе г. Саратова (043)
073;000;044;КС во Фрунзенском районе г. Саратова (044)
073;000;042;КС в Ленинском районе г. Саратова (042)
073;000;016;КС в Красноармейском районе (016)
061;000;000;Мурманская область
061;000;002;ЗАТО г. Североморск
061;000;002;ЗАТО г. Островной
061;000;003;Кольский район
061;000;004;г. Мончегорск (004)
061;000;005;г. Оленегорск (005)
061;000;006;г. Апатиты (006)
061;000;007;г. Кандалакша (007)
061;000;008;Печенгский район (008)
061;000;009;Ловозерский район (009)
061;000;010;Ковдорский район (010)
061;000;011;г. Снежногорск ЗАТО Александровск
061;000;012;г. Кировск (012)
061;000;013;г. Полярные Зори (013)
061;000;014;Терский район (014)
061;000;017;г. Полярный ЗАТО Александровск (017)
061;000;021;Октябрьский округ г. Мурманска (021)
061;000;031;Ленинский округ г. Мурманска (031)
061;000;041;Первомайский округ г. Мурманска (041)